time (sec),SN8 ,SN17 ,SN18 ,SN80 ,SN93 ,SN99 ,SN100 ,SN105 ,SN107 
3.90E-05,0,0,0,0,0,0,0,0,0
8.20E-05,0,0,0,0,0,0,0,0,0
0.000129195,0,0,0,0,0,0,0,0,0
0.000181146,0,0,0,0,0,0,0,0,0
0.000238292,0,0,0,0,0,0,0,0,0
0.000301153,0,0,0,0,0,0,0,0,0
0.0003703,0,0,0,0,0,0,0,0,0
0.000446361,0,0,0,0,0,0,0,0,0
0.000530029,0,0,0,0,0,0,0,0,0
0.000622063,0,0,0,0,0,0,0,0,0
0.000723301,0,0,0,0,0,0,0,0,0
0.000834663,0,0,0,0,0,0,0,0,0
0.000957161,0,0,0,0,0,0,0,0,0
0.00109191,0,0,0,0,0,0,0,0,0
0.00124013,0,0,0,0,0,0,0,0,0
0.00140318,0,0,0,0,0,0,0,0,0
0.00158252,0,0,0,0,0,0,0,0,0
0.00177981,0,0,0,0,0,0,0,0,0
0.00199682,0,0,0,0,0,0,0,0,0
0.00223554,0,0,0,0,0,0,0,0,0
0.00249812,0,0,0,0,0,0,0,0,0
0.00278696,0,0,0,0,0,0,0,0,0
0.00310469,0,0,0,0,0,0,0,0,0
0.00345419,0,0,0,0,0,0,0,0,0
0.00383864,0,0,0,0,0,0,0,0,0
0.00426154,0,0,0,0,0,0,0,0,0
0.00472673,0,0,0,0,0,0,0,0,0
0.00523843,0,0,0,0,0,0,0,0,0
0.0058013,0,0,0,0,0,0,0,0,0
0.00642047,0,0,0,0,0,0,0,0,0
0.00710154,0,0,0,0,0,0,0,0,0
0.00785073,0,0,0,0,0,0,0,0,0
0.00867483,0,0,0,0,0,0,0,0,0
0.00958135,0,0,0,0,0,0,0,0,0
0.0105785,0,0,0,0,0,0,0,0,0
0.0116754,0,0,0,0,0,0,0,0,0
0.012882,0,0,0,0,0,0,0,0,0
0.0142092,0,0,0,0,0,0,0,0,0
0.0156692,0,0,0,0,0,0,0,0,0
0.0172751,0,0,0,0,0,0,0,0,0
0.0190416,0,0,0,0,0,0,0,0,0
0.0209848,0,0,0,0,0,0,0,0,0
0.0231223,0,0,0,0,0,0,0,0,0
0.0254736,0,0,0,0,0,0,0,0,0
0.02806,0,0,0,0,0,0,0,0,0
0.030905,0,0,0,0,0,0,0,0,0
0.0340346,0,0,0,0,0,0,0,0,0
0.0374771,0,0,0,0,0,0,0,0,0
0.0412638,0,0,0,0,0,0,0,0,0
0.0454292,0,0,0,0,0,0,0,0,0
0.0500112,0,0,0,0,0,0,0,0,0
0.0550513,0,0,0,0,0,0,0,0,0
0.0600915,0,0,0,0,0,0,0,0,0
0.0657918,0,0,0,0,0,0,0,0,0
0.0705196,0,0,0,0,0,0,0,0,0
0.0744981,0,0,0,0,0,0,0,0,0
0.0770787,0,0,0,0,0,0,0,0,0
0.0791431,0,0,0,0,0,0,0,0,0
0.0801754,0,0,0,0,0,0,0,0,0
0.0822398,0,0,0,0,0,0,0,0,0
0.0830656,0,0,0,0,0,0,0,0,0
0.0843043,0,0,0,0,0,0,0,0,0
0.08513,0,0,0,0,0,0,0,0,0
0.0867816,0,0,0,0,0,0,0,0,0
0.0876074,0,0,0,0,0,0,0,0,0
0.0884331,0,0,0,0,0,0,0,0,0
0.0900847,0,0,0,0,0,0,0,0,0
0.0917362,0,0,0,0,0,0,0,0,0
0.092562,0,0,0,0,0,0,0,0,0
0.0942136,0,0,0,0,0,0,0,0,0
0.0958651,0,0,0,0,0,0,0,0,0
0.0975167,0,0,0,0,0,0,0,0,0
0.0991682,0,0,0,0,0,0,0,0,0
0.10082,0,0,0,0,0,0,0,0,0
0.102471,0,0,0,0,0,0,0,0,0
0.104123,0,0,0,0,0,0,0,0,0
0.105774,0,0,0,0,0,0,0,0,0
0.107426,0,0,0,0,0,0,0,0,0
0.109078,0,0,0,0,0,0,0,0,0
0.110729,0,0,0,0,0,0,0,0,0
0.112381,0,0,0,0,0,0,0,0,0
0.114032,0,0,0,0,0,0,0,0,0
0.115684,0,0,0,0,0,0,0,0,0
0.117335,0,0,0,0,0,0,0,0,0
0.118987,0,0,0,0,0,0,0,0,0
0.120638,0,0,0,0,0,0,0,0,0
0.12229,0,0,0,0,0,0,0,0,0
0.123942,0,0,0,0,0,0,0,0,0
0.125593,0,0,0,0,0,0,0,0,0
0.127245,0,0,0,0,0,0,0,0,0
0.128896,0,0,0,0,0,0,0,0,0
0.130548,0,0,0,0,0,0,0,0,0
0.132199,0,0,0,0,0,0,0,0,0
0.133851,0,0,0,0,0,0,0,0,0
0.135503,0,0,0,0,0,0,0,0,0
0.137154,0,0,0,0,0,0,0,0,0
0.138806,0,0,0,0,0,0,0,0,0
0.140457,0,0,0,0,0,0,0,0,0
0.141283,0,0,0,0,0,0,0,0,0
0.142935,0,0,0,0,0,0,0,0,0
0.14376,0,0,0,0,0,0,0,0,0
0.144999,0,0,0,0,0,0,0,0,0
0.145825,0,0,0,0,0,0,0,0,0
0.147063,0,0,0,0,0,0,0,0,0
0.148302,0,0,0,0,0,0,0,0,0
0.149541,0,0,0,0,0,0,0,0,0
0.150779,0,0,0,0,0,0,0,0,0
0.152431,0,0,0,0,0,0,0,0,0
0.154083,0,0,0,0,0,0,0,0,0
0.155734,0,0,0,0,0,0,0,0,0
0.157386,0,0,0,0,0,0,0,0,0
0.158624,0,0,0,0,0,0,0,0,0
0.160276,0,0,0,0,0,0,0,0,0
0.161927,0,0,0,0,0,0,0,0,0
0.163579,0,0,0,0,0,0,0,0,0
0.16523,0,0,0,0,0,0,0,0,0
0.166882,0,0,0,0,0,0,0,0,0
0.168534,0,0,0,0,0,0,0,0,0
0.170185,0,0,0,0,0,0,0,0,0
0.171837,0,0,0,0,0,0,0,0,0
0.173488,0,0,0,0,0,0,0,0,0
0.17514,0,0,0,0,0,0,0,0,0
0.176791,0,0,0,0,0,0,0,0,0
0.178443,0,0,0,0,0,0,0,0,0
0.180094,0,0,0,0,0,0,0,0,0
0.181746,0,0,0,0,0,0,0,0,0
0.183398,0,0,0,0,0,0,0,0,0
0.185049,0,0,0,0,0,0,0,0,0
0.186701,0,0,0,0,0,0,0,0,0
0.187939,0,0,0,0,0,0,0,0,0
0.189591,0,0,0,0,0,0,0,0,0
0.191243,0,0,0,0,0,0,0,0,0
0.192894,0,0,0,0,0,0,0,0,0
0.194133,0,0,0,0,0,0,0,0,0
0.195371,0,0,0,0,0,0,0,0,0
0.19661,0,0,0,0,0,0,0,0,0
0.197436,0,0,0,0,0,0,0,0,0
0.198674,0,0,0,0,0,0,0,0,0
0.1995,0,0,0,0,0,0,0,0,0
0.200739,0,0,0,0,0,0,0,0,0
0.201978,0,0,0,0,0,0,0,0,0
0.203216,0,0,0,0,0,0,0,0,0
0.204868,0,0,0,0,0,0,0,0,0
0.206106,0,0,0,0,0,0,0,0,0
0.207758,0,0,0,0,0,0,0,0,0
0.20941,0,0,0,0,0,0,0,0,0
0.211061,0,0,0,0,0,0,0,0,0
0.212713,0,0,0,0,0,0,0,0,0
0.213951,0,0,0,0,0,0,0,0,0
0.215603,0,0,0,0,0,0,0,0,0
0.217255,0,0,0,0,0,0,0,0,0
0.218906,0,0,0,0,0,0,0,0,0
0.220558,0,0,0,0,0,0,0,0,0
0.222209,0,0,0,0,0,0,0,0,0
0.223861,0,0,0,0,0,0,0,0,0
0.225512,0,0,0,0,0,0,0,0,0
0.226834,0,0,0,0,0,0,0,0,0
0.228155,0,0,0,0,0,0,0,0,0
0.229476,0,0,0,0,0,0,0,0,0
0.230797,0,0,0,0,0,0,0,0,0
0.232119,0,0,0,0,0,0,0,0,0
0.23344,0,0,0,0,0,0,0,0,0
0.234761,0,0,0,0,0,0,0,0,0
0.235422,0,0,0,0,0,0,0,0,0
0.236743,0,0,0,0,0,0,0,0,0
0.238064,0,0,0,0,0,0,0,0,0
0.239385,0,0,0,0,0,0,0,0,0
0.240707,0,0,0,0,0,0,0,0,0
0.242028,0,0,0,0,0,0,0,0,0
0.243349,0,0,0,0,0,0,0,0,0
0.24467,0,0,0,0,0,0,0,0,0
0.245331,0,0,0,0,0,0,0,0,0
0.246652,0,0,0,0,0,0,0,0,0
0.247313,0,0,0,0,0,0,0,0,0
0.248634,0,0,0,0,0,0,0,0,0
0.249295,0,0,0,0,0,0,0,0,0
0.249955,0,0,0,0,0,0,0,0,0
0.250946,0,0,0,0,0,0,0,0,0
0.251607,0,0,0,0,0,0,0,0,0
0.252928,0,0,0,0,0,0,0,0,0
0.253589,0,0,0,0,0,0,0,0,0
0.25491,0,0,0,0,0,0,0,0,0
0.256231,0,0,0,0,0,0,0,0,0
0.256892,0,0,0,0,0,0,0,0,0
0.258213,0,0,0,0,0,0,0,0,0
0.25927,0,0,0,0,0,0,0,0,0
0.260327,0,0,0,0,0,0,0,0,0
0.261384,0,0,0,0,0,0,0,0,0
0.262441,0,0,0,0,0,0,0,0,0
0.263498,0,0,0,0,0,0,0,0,0
0.264555,0,0,0,0,0,0,0,0,0
0.265612,0,0,0,0,0,0,0,0,0
0.266669,0,0,0,0,0,0,0,0,0
0.267726,0,0,0,0,0,0,0,0,0
0.268783,0,0,0,0,0,0,0,0,0
0.26984,0,0,0,0,0,0,0,0,0
0.270686,0,0,0,0,0,0,0,0,0
0.271362,0,0,0,0,0,0,0,0,0
0.272039,0,0,0,0,0,0,0,0,0
0.27258,0,0,0,0,0,0,0,0,0
0.273121,0,0,0,0,0,0,0,0,0
0.273662,0,0,0,0,0,0,0,0,0
0.274203,0,0,0,0,0,0,0,0,0
0.274474,0,0,0,0,0,0,0,0,0
0.275015,0,0,0,0,0,0,0,0,0
0.275286,0,0,0,0,0,0,0,0,0
0.275556,0,0,0,0,0,0,0,0,0
0.276097,0,0,0,0,0,0,0,0,0
0.276444,0,0,0,0,0,0,0,0,0
0.276458,0,0,0,0,0,0,0,0,0
0.276735,0,0,0,0,0,0,0,0,0
0.276956,0,0,0,0,0,0,0,0,0
0.277134,0,0,0,0,0,0,0,0,0
0.277143,0,0,0,0,0,0,0,0,0
0.27732,0,0,0,0,0,0,0,0,0
0.277476,0,0,0,0,0,0,0,0,0
0.277601,0,0,0,0,0,0,0,0,0
0.277726,0,0,0,0,0,0,0,0,0
0.277851,0,0,0,0,0,0,0,0,0
0.277855,0,0,0,0,0,0,0,0,0
0.277955,0,0,0,0,0,0,0,0,0
0.278035,0,0,0,0,0,0,0,0,0
0.278099,0,0,0,0,0,0,0,0,0
0.278163,0,0,0,0,0,0,0,0,0
0.278227,0,0,0,0,0,0,0,0,0
0.278291,0,0,0,0,0,0,0,0,0
0.278355,0,0,0,0,0,0,0,0,0
0.278419,0,0,0,0,0,0,0,0,0
0.278483,0,0,0,0,0,0,0,0,0
0.278547,0,0,0,0,0,0,0,0,0
0.278611,0,0,0,0,0,0,0,0,0
0.278675,0,0,0,0,0,0,0,0,0
0.278738,0,0,0,0,0,0,0,0,0
0.278802,0,0,0,0,0,0,0,0,0
0.278866,0,0,0,0,0,0,0,0,0
0.27893,0,0,0,0,0,0,0,0,0
0.278994,0,0,0,0,0,0,0,0,0
0.279058,0,0,0,0,0,0,0,0,0
0.279122,0,0,0,0,0,0,0,0,0
0.279186,0,0,0,0,0,0,0,0,0
0.27925,0,0,0,0,0,0,0,0,0
0.279314,0,0,0,0,0,0,0,0,0
0.279378,0,0,0,0,0,0,0,0,0
0.279442,0,0,0,0,0,0,0,0,0
0.279505,0,0,0,0,0,0,0,0,0
0.279569,0,0,0,0,0,0,0,0,0
0.279633,0,0,0,0,0,0,0,0,0
0.279697,0,0,0,0,0,0,0,0,0
0.279761,0,0,0,0,0,0,0,0,0
0.279825,0,0,0,0,0,0,0,0,0
0.279889,0,0,0,0,0,0,0,0,0
0.279953,0,0,0,0,0,0,0,0,0
0.280017,0,0,0,0,0,0,0,0,0
0.280081,0,0,0,0,0,0,0,0,0
0.280145,0,0,0,0,0,0,0,0,0
0.280209,0,0,0,0,0,0,0,0,0
0.280273,0,0,0,0,0,0,0,0,0
0.280336,0,0,0,0,0,0,0,0,0
0.2804,0,0,0,0,0,0,0,0,0
0.280464,0,0,0,0,0,0,0,0,0
0.280528,0,0,0,0,0,0,0,0,0
0.280592,0,0,0,0,0,0,0,0,0
0.280656,0,0,0,0,0,0,0,0,0
0.28072,0,0,0,0,0,0,0,0,0
0.280784,0,0,0,0,0,0,0,0,0
0.280854,0,0,0,0,0,0,0,0,0
0.280924,0,0,0,0,0,0,0,0,0
0.280995,0,0,0,0,0,0,0,0,0
0.281065,0,0,0,0,0,0,0,0,0
0.281135,0,0,0,0,0,0,0,0,0
0.281213,0,0,0,0,0,0,0,0,0
0.28129,0,0,0,0,0,0,0,0,0
0.281367,0,0,0,0,0,0,0,0,0
0.281445,0,0,0,0,0,0,0,0,0
0.281522,0,0,0,0,0,0,0,0,0
0.281599,0,0,0,0,0,0,0,0,0
0.281677,0,0,0,0,0,0,0,0,0
0.281754,0,0,0,0,0,0,0,0,0
0.281832,0,0,0,0,0,0,0,0,0
0.281909,0,0,0,0,0,0,0,0,0
0.281986,0,0,0,0,0,0,0,0,0
0.282064,0,0,0,0,0,0,0,0,0
0.282149,0,0,0,0,0,0,0,0,0
0.282234,0,0,0,0,0,0,0,0,0
0.282319,0,0,0,0,0,0,0,0,0
0.282404,0,0,0,0,0,0,0,0,0
0.282489,0,0,0,0,0,0,0,0,0
0.282574,0,0,0,0,0,0,0,0,0
0.282659,0,0,0,0,0,0,0,0,0
0.282753,0,0,0,0,0,0,0,0,0
0.282846,0,0,0,0,0,0,0,0,0
0.282949,0,0,0,0,0,0,0,0,0
0.283062,0,0,0,0,0,0,0,0,0
0.283187,0,0,0,0,0,0,0,0,0
0.283324,0,0,0,0,0,0,0,0,0
0.283475,0,0,0,0,0,0,0,0,0
0.283641,0,0,0,0,0,0,0,0,0
0.283823,0,0,0,0,0,0,0,0,0
0.284023,0,0,0,0,0,0,0,0,0
0.284244,0,0,0,0,0,0,0,0,0
0.284487,0,0,0,0,0,0,0,0,0
0.284754,0,0,0,0,0,0,0,0,0
0.285021,0,0,0,0,0,0,0,0,0
0.285288,0,0,0,0,0,0,0,0,0
0.285582,0,0,0,0,0,0,0,0,0
0.285875,0,0,0,0,0,0,0,0,0
0.286169,0,0,0,0,0,0,0,0,0
0.286492,0,0,0,0,0,0,0,0,0
0.286815,0,0,0,0,0,0,0,0,0
0.287138,0,0,0,0,0,0,0,0,0
0.287494,0,0,0,0,0,0,0,0,0
0.287849,0,0,0,0,0,0,0,0,0
0.288204,0,0,0,0,0,0,0,0,0
0.28856,0,0,0,0,0,0,0,0,0
0.288951,0,0,0,0,0,0,0,0,0
0.289342,0,0,0,0,0,0,0,0,0
0.289733,0,0,0,0,0,0,0,0,0
0.290123,0,0,0,0,0,0,0,0,0
0.290554,0,0,0,0,0,0,0,0,0
0.291027,0,0,0,0,0,0,0,0,0
0.2915,0,0,0,0,0,0,0,0,0
0.291973,0,0,0,0,0,0,0,0,0
0.292493,0,0,0,0,0,0,0,0,0
0.293013,0,0,0,0,0,0,0,0,0
0.293534,0,0,0,0,0,0,0,0,0
0.294106,0,0,0,0,0,0,0,0,0
0.294678,0,0,0,0,0,0,0,0,0
0.295251,0,0,0,0,0,0,0,0,0
0.295823,0,0,0,0,0,0,0,0,0
0.296395,0,0,0,0,0,0,0,0,0
0.296682,0,0,0,0,0,0,0,0,0
0.296968,0,0,0,0,0,0,0,0,0
0.297254,0,0,0,0,0,0,0,0,0
0.29754,0,0,0,0,0,0,0,0,0
0.297826,0,0,0,0,0,0,0,0,0
0.298113,0,0,0,0,0,0,0,0,0
0.298256,0,0,0,0,0,0,0,0,0
0.298399,0,0,0,0,0,0,0,0,0
0.298556,0,0,0,0,0,0,0,0,0
0.298591,0,0,0,0,0,0,0,0,0
0.298764,0,0,0,0,0,0,0,0,0
0.298954,0,0,0,0,0,0,0,0,0
0.299145,0,0,0,0,0,0,0,0,0
0.299183,0,0,0,0,0,0,0,0,0
0.299373,0,0,0,0,0,0,0,0,0
0.299583,0,0,0,0,0,0,0,0,0
0.299625,0,0,0,0,0,0,0,0,0
0.299834,0,0,0,0,0,0,0,0,0
0.29988,0,0,0,0,0,0,0,0,0
0.300111,0,0,0,0,0,0,0,0,0
0.300161,0,0,0,0,0,0,0,0,0
0.300415,0,0,0,0,0,0,0,0,0
0.300554,0,0,0,0,0,0,0,0,0
0.300694,0,0,0,0,0,0,0,0,0
0.300973,0,0,0,0,0,0,0,0,0
0.301028,0,0,0,0,0,0,0,0,0
0.301307,0,0,0,0,0,0,0,0,0
0.301461,0,0,0,0,0,0,0,0,0
0.301614,0,0,0,0,0,0,0,0,0
0.301921,0,0,0,0,0,0,0,0,0
0.302089,0,0,0,0,0,0,0,0,0
0.302258,0,0,0,0,0,0,0,0,0
0.302595,0,0,0,0,0,0,0,0,0
0.302933,0,0,0,0,0,0,0,0,0
0.30327,0,0,0,0,0,0,0,0,0
0.303608,0,0,0,0,0,0,0,0,0
0.303945,0,0,0,0,0,0,0,0,0
0.304282,0,0,0,0,0,0,0,0,0
0.30462,0,0,0,0,0,0,0,0,0
0.304957,0,0,0,0,0,0,0,0,0
0.305295,0,0,0,0,0,0,0,0,0
0.305666,0,0,0,0,0,0,0,0,0
0.306037,0,0,0,0,0,0,0,0,0
0.306408,0,0,0,0,0,0,0,0,0
0.306816,0,0,0,0,0,0,0,0,0
0.307225,0,0,0,0,0,0,0,0,0
0.307633,0,0,0,0,0,0,0,0,0
0.308449,0,0,0,0,0,0,0,0,0
0.309266,0,0,0,0,0,0,0,0,0
0.310082,0,0,0,0,0,0,0,0,0
0.310899,0,0,0,0,0,0,0,0,0
0.311715,0,0,0,0,0,0,0,0,0
0.312532,0,0,0,0,0,0,0,0,0
0.313348,0,0,0,0,0,0,0,0,0
0.314165,0,0,0,0,0,0,0,0,0
0.314981,0,0,0,0,0,0,0,0,0
0.315798,0,0,0,0,0,0,0,0,0
0.316614,0,0,0,0,0,0,0,0,0
0.317839,0,0,0,0,0,0,0,0,0
0.319472,0,0,0,0,0,0,0,0,0
0.321105,0,0,0,0,0,0,0,0,0
0.322738,0,0,0,0,0,0,0,0,0
0.324371,0,0,0,0,0,0,0,0,0
0.326004,0,0,0,0,0,0,0,0,0
0.327637,0,0,0,0,0,0,0,0,0
0.32927,0,0,0,0,0,0,0,0,0
0.330903,0,0,0,0,0,0,0,0,0
0.332536,0,0,0,0,0,0,0,0,0
0.334169,0,0,0,0,0,0,0,0,0
0.335802,0,0,0,0,0,0,0,0,0
0.337435,0,0,0,0,0,0,0,0,0
0.339068,0,0,0,0,0,0,0,0,0
0.340701,0,0,0,0,0,0,0,0,0
0.342334,0,0,0,0,0,0,0,0,0
0.343967,0,0,0,0,0,0,0,0,0
0.3456,0,0,0,0,0,0,0,0,0
0.347233,0,0,0,0,0,0,0,0,0
0.34805,0,0,0,0,0,0,0,0,0
0.348866,0,0,0,0,0,0,0,0,0
0.349683,0,0,0,0,0,0,0,0,0
0.350091,0,0,0,0,0,0,0,0,0
0.350499,0,0,0,0,0,0,0,0,0
0.350907,0,0,0,0,0,0,0,0,0
0.351316,0,0,0,0,0,0,0,0,0
0.351765,0,0,0,0,0,0,0,0,0
0.352214,0,0,0,0,0,0,0,0,0
0.352663,0,0,0,0,0,0,0,0,0
0.353112,0,0,0,0,0,0,0,0,0
0.353561,0,0,0,0,0,0,0,0,0
0.35401,0,0,0,0,0,0,0,0,0
0.354459,0,0,0,0,0,0,0,0,0
0.354908,0,0,0,0,0,0,0,0,0
0.355806,0,0,0,0,0,0,0,0,0
0.356705,0,0,0,0,0,0,0,0,0
0.357603,0,0,0,0,0,0,0,0,0
0.358501,0,0,0,0,0,0,0,0,0
0.359399,0,0,0,0,0,0,0,0,0
0.360297,0,0,0,0,0,0,0,0,0
0.361195,0,0,0,0,0,0,0,0,0
0.362093,0,0,0,0,0,0,0,0,0
0.362992,0,0,0,0,0,0,0,0,0
0.364339,0,0,0,0,0,0,0,0,0
0.365686,0,0,0,0,0,0,0,0,0
0.367482,0,0,0,0,0,0,0,0,0
0.369279,0,0,0,0,0,0,0,0,0
0.370716,0,0,0,0,0,0,0,0,0
0.372153,0,0,0,0,0,0,0,0,0
0.37359,0,0,0,0,0,0,0,0,0
0.375027,0,0,0,0,0,0,0,0,0
0.376464,0,0,0,0,0,0,0,0,0
0.377901,0,0,0,0,0,0,0,0,0
0.379338,0,0,0,0,0,0,0,0,0
0.380775,0,0,0,0,0,0,0,0,0
0.382212,0,0,0,0,0,0,0,0,0
0.383649,0,0,0,0,0,0,0,0,0
0.385086,0,0,0,0,0,0,0,0,0
0.386523,0,0,0,0,0,0,0,0,0
0.38796,0,0,0,0,0,0,0,0,0
0.389397,0,0,0,0,0,0,0,0,0
0.390834,0,0,0,0,0,0,0,0,0
0.391984,0,0,0,0,0,0,0,0,0
0.393133,0,0,0,0,0,0,0,0,0
0.394283,0,0,0,0,0,0,0,0,0
0.395433,0,0,0,0,0,0,0,0,0
0.396582,0,0,0,0,0,0,0,0,0
0.397157,0,0,0,0,0,0,0,0,0
0.397732,0,0,0,0,0,0,0,0,0
0.398307,0,0,0,0,0,0,0,0,0
0.398882,0,0,0,0,0,0,0,0,0
0.399457,0,0,0,0,0,0,0,0,0
0.400031,0,0,0,0,0,0,0,0,0
0.400319,0,0,0,0,0,0,0,0,0
0.400894,0,0,0,0,0,0,0,0,0
0.40121,0,0,0,0,0,0,0,0,0
0.401526,0,0,0,0,0,0,0,0,0
0.401842,0,0,0,0,0,0,0,0,0
0.402474,0,0,0,0,0,0,0,0,0
0.403107,0,0,0,0,0,0,0,0,0
0.403423,0,0,0,0,0,0,0,0,0
0.404055,0,0,0,0,0,0,0,0,0
0.404687,0,0,0,0,0,0,0,0,0
0.40532,0,0,0,0,0,0,0,0,0
0.405952,0,0,0,0,0,0,0,0,0
0.406584,0,0,0,0,0,0,0,0,0
0.407217,0,0,0,0,0,0,0,0,0
0.407849,0,0,0,0,0,0,0,0,0
0.408481,0,0,0,0,0,0,0,0,0
0.409746,0,0,0,0,0,0,0,0,0
0.41101,0,0,0,0,0,0,0,0,0
0.412275,0,0,0,0,0,0,0,0,0
0.413539,0,0,0,0,0,0,0,0,0
0.414172,0,0,0,0,0,0,0,0,0
0.415436,0,0,0,0,0,0,0,0,0
0.416701,0,0,0,0,0,0,0,0,0
0.417966,0,0,0,0,0,0,0,0,0
0.41923,0,0,0,0,0,0,0,0,0
0.419863,0,0,0,0,0,0,0,0,0
0.421127,0,0,0,0,0,0,0,0,0
0.422392,0,0,0,0,0,0,0,0,0
0.423656,0,0,0,0,0,0,0,0,0
0.424921,0,0,0,0,0,0,0,0,0
0.426185,0,0,0,0,0,0,0,0,0
0.426818,0,0,0,0,0,0,0,0,0
0.428082,0,0,0,0,0,0,0,0,0
0.429347,0,0,0,0,0,0,0,0,0
0.430612,0,0,0,0,0,0,0,0,0
0.431623,0,0,0,0,0,0,0,0,0
0.432635,0,0,0,0,0,0,0,0,0
0.433647,0,0,0,0,0,0,0,0,0
0.434658,0,0,0,0,0,0,0,0,0
0.43567,0,0,0,0,0,0,0,0,0
0.436682,0,0,0,0,0,0,0,0,0
0.437693,0,0,0,0,0,0,0,0,0
0.438705,0,0,0,0,0,0,0,0,0
0.439211,0,0,0,0,0,0,0,0,0
0.440223,0,0,0,0,0,0,0,0,0
0.441234,0,0,0,0,0,0,0,0,0
0.442246,0,0,0,0,0,0,0,0,0
0.443258,0,0,0,0,0,0,0,0,0
0.443763,0,0,0,0,0,0,0,0,0
0.444775,0,0,0,0,0,0,0,0,0
0.445281,0,0,0,0,0,0,0,0,0
0.445787,0,0,0,0,0,0,0,0,0
0.446293,0,0,0,0,0,0,0,0,0
0.447304,0,0,0,0,0,0,0,0,0
0.44781,0,0,0,0,0,0,0,0,0
0.448316,0,0,0,0,0,0,0,0,0
0.448822,0,0,0,0,0,0,0,0,0
0.449328,0,0,0,0,0,0,0,0,0
0.449834,0,0,0,0,0,0,0,0,0
0.450339,0,0,0,0,0,0,0,0,0
0.450845,0,0,0,0,0,0,0,0,0
0.451351,0,0,0,0,0,0,0,0,0
0.451857,0,0,0,0,0,0,0,0,0
0.452262,0,0,0,0,0,0,0,0,0
0.452585,0,0,0,0,0,0,0,0,0
0.452909,0,0,0,0,0,0,0,0,0
0.453233,0,0,0,0,0,0,0,0,0
0.453557,0,0,0,0,0,0,0,0,0
0.454204,0,0,0,0,0,0,0,0,0
0.454722,0,0,0,0,0,0,0,0,0
0.454981,0,0,0,0,0,0,0,0,0
0.455499,0,0,0,0,0,0,0,0,0
0.455758,0,0,0,0,0,0,0,0,0
0.456276,0,0,0,0,0,0,0,0,0
0.456846,0,0,0,0,0,0,0,0,0
0.45713,0,0,0,0,0,0,0,0,0
0.4577,0,0,0,0,0,0,0,0,0
0.45827,0,0,0,0,0,0,0,0,0
0.45884,0,0,0,0,0,0,0,0,0
0.45941,0,0,0,0,0,0,0,0,0
0.459979,0,0,0,0,0,0,0,0,0
0.460549,0,0,0,0,0,0,0,0,0
0.461119,0,0,0,0,0,0,0,0,0
0.461689,0,0,0,0,0,0,0,0,0
0.462258,0,0,0,0,0,0,0,0,0
0.462828,0,0,0,0,0,0,0,0,0
0.463398,0,0,0,0,0,0,0,0,0
0.463968,0,0,0,0,0,0,0,0,0
0.464538,0,0,0,0,0,0,0,0,0
0.465107,0,0,0,0,0,0,0,0,0
0.465677,0,0,0,0,0,0,0,0,0
0.466247,0,0,0,0,0,0,0,0,0
0.466817,0,0,0,0,0,0,0,0,0
0.467387,0,0,0,0,0,0,0,0,0
0.467956,0,0,0,0,0,0,0,0,0
0.468241,0,0,0,0,0,0,0,0,0
0.468811,0,0,0,0,0,0,0,0,0
0.469438,0,0,0,0,0,0,0,0,0
0.470064,0,0,0,0,0,0,0,0,0
0.470691,0,0,0,0,0,0,0,0,0
0.471005,0,0,0,0,0,0,0,0,0
0.471631,0,0,0,0,0,0,0,0,0
0.472321,0,0,0,0,0,0,0,0,0
0.47301,0,0,0,0,0,0,0,0,0
0.4737,0,0,0,0,0,0,0,0,0
0.474389,0,0,0,0,0,0,0,0,0
0.474734,0,0,0,0,0,0,0,0,0
0.475423,0,0,0,0,0,0,0,0,0
0.476182,0,0,0,0,0,0,0,0,0
0.47694,0,0,0,0,0,0,0,0,0
0.477698,0,0,0,0,0,0,0,0,0
0.478457,0,0,0,0,0,0,0,0,0
0.479215,0,0,0,0,0,0,0,0,0
0.479973,0,0,0,0,0,0,0,0,0
0.480353,0,0,0,0,0,0,0,0,0
0.481111,0,0,0,0,0,0,0,0,0
0.481945,0,0,0,0,0,0,0,0,0
0.482779,0,0,0,0,0,0,0,0,0
0.483614,0,0,0,0,0,0,0,0,0
0.484448,0,0,0,0,0,0,0,0,0
0.485282,0,0,0,0,0,0,0,0,0
0.486116,0,0,0,0,0,0,0,0,0
0.48695,0,0,0,0,0,0,0,0,0
0.487785,0,0,0,0,0,0,0,0,0
0.488202,0,0,0,0,0,0,0,0,0
0.489036,0,0,0,0,0,0,0,0,0
0.489954,0,0,0,0,0,0,0,0,0
0.490871,0,0,0,0,0,0,0,0,0
0.491789,0,0,0,0,0,0,0,0,0
0.492248,0,0,0,0,0,0,0,0,0
0.493165,0,0,0,0,0,0,0,0,0
0.49367,0,0,0,0,0,0,0,0,0
0.49468,0,0,0,0,0,0,0,0,0
0.495235,0,0,0,0,0,0,0,0,0
0.49579,0,0,0,0,0,0,0,0,0
0.496345,0,0,0,0,0,0,0,0,0
0.497455,0,0,0,0,0,0,0,0,0
0.49801,0,0,0,0,0,0,0,0,0
0.498566,0,0,0,0,0,0,0,0,0
0.498843,0,0,0,0,0,0,0,0,0
0.499398,0,0,0,0,0,0,0,0,0
0.499954,0,0,0,0,0,0,0,0,0
0.500176,0,0,0,0,0,0,0,0,0
0.50062,0,0,0,0,0,0,0,0,0
0.500975,0,0,0,0,0,0,0,0,0
0.501259,0,0,0,0,0,0,0,0,0
0.501544,0,0,0,0,0,0,0,0,0
0.501828,0,0,0,0,0,0,0,0,0
0.502112,0,0,0,0,0,0,0,0,0
0.50268,0,0,0,0,0,0,0,0,0
0.502908,0,0,0,0,0,0,0,0,0
0.503135,0,0,0,0,0,0,0,0,0
0.50359,0,0,0,0,0,0,0,0,0
0.503817,0,0,0,0,0,0,0,0,0
0.504045,0,0,0,0,0,0,0,0,0
0.5045,0,0,0,0,0,0,0,0,0
0.504727,0,0,0,0,0,0,0,0,0
0.505182,0,0,0,0,0,0,0,0,0
0.505409,0,0,0,0,0,0,0,0,0
0.505864,0,0,0,0,0,0,0,0,0
0.506091,0,0,0,0,0,0,0,0,0
0.506546,0,0,0,0,0,0,0,0,0
0.507001,0,0,0,0,0,0,0,0,0
0.507228,0,0,0,0,0,0,0,0,0
0.507683,0,0,0,0,0,0,0,0,0
0.508138,0,0,0,0,0,0,0,0,0
0.508365,0,0,0,0,0,0,0,0,0
0.50882,0,0,0,0,0,0,0,0,0
0.509275,0,0,0,0,0,0,0,0,0
0.509502,0,0,0,0,0,0,0,0,0
0.509957,0,0,0,0,0,0,0,0,0
0.510412,0,0,0,0,0,0,0,0,0
0.510867,0,0,0,0,0,0,0,0,0
0.511094,0,0,0,0,0,0,0,0,0
0.511549,0,0,0,0,0,0,0,0,0
0.512004,0,0,0,0,0,0,0,0,0
0.512459,0,0,0,0,0,0,0,0,0
0.512686,0,0,0,0,0,0,0,0,0
0.513141,0,0,0,0,0,0,0,0,0
0.513596,0,0,0,0,0,0,0,0,0
0.51405,0,0,0,0,0,0,0,0,0
0.514278,0,0,0,0,0,0,0,0,0
0.514732,0,0,0,0,0,0,0,0,0
0.515187,0,0,0,0,0,0,0,0,0
0.515642,0,0,0,0,0,0,0,0,0
0.515869,0,0,0,0,0,0,0,0,0
0.516324,0,0,0,0,0,0,0,0,0
0.516779,0,0,0,0,0,0,0,0,0
0.517234,0,0,0,0,0,0,0,0,0
0.517461,0,0,0,0,0,0,0,0,0
0.517916,0,0,0,0,0,0,0,0,0
0.518371,0,0,0,0,0,0,0,0,0
0.518826,0,0,0,0,0,0,0,0,0
0.519053,0,0,0,0,0,0,0,0,0
0.519508,0,0,0,0,0,0,0,0,0
0.519963,0,0,0,0,0,0,0,0,0
0.520418,0,0,0,0,0,0,0,0,0
0.520872,0,0,0,0,0,0,0,0,0
0.5211,0,0,0,0,0,0,0,0,0
0.521554,0,0,0,0,0,0,0,0,0
0.522009,0,0,0,0,0,0,0,0,0
0.522464,0,0,0,0,0,0,0,0,0
0.522691,0,0,0,0,0,0,0,0,0
0.523146,0,0,0,0,0,0,0,0,0
0.523601,0,0,0,0,0,0,0,0,0
0.524056,0,0,0,0,0,0,0,0,0
0.524283,0,0,0,0,0,0,0,0,0
0.524738,0,0,0,0,0,0,0,0,0
0.525193,0,0,0,0,0,0,0,0,0
0.525648,0,0,0,0,0,0,0,0,0
0.526102,0,0,0,0,0,0,0,0,0
0.52633,0,0,0,0,0,0,0,0,0
0.526785,0,0,0,0,0,0,0,0,0
0.527239,0,0,0,0,0,0,0,0,0
0.527694,0,0,0,0,0,0,0,0,0
0.527921,0,0,0,0,0,0,0,0,0
0.528376,0,0,0,0,0,0,0,0,0
0.528831,0,0,0,0,0,0,0,0,0
0.529286,0,0,0,0,0,0,0,0,0
0.529513,0,0,0,0,0,0,0,0,0
0.529968,0,0,0,0,0,0,0,0,0
0.530423,0,0,0,0,0,0,0,0,0
0.530878,0,0,0,0,0,0,0,0,0
0.531105,0,0,0,0,0,0,0,0,0
0.53156,0,0,0,0,0,0,0,0,0
0.532015,0,0,0,0,0,0,0,0,0
0.53247,0,0,0,0,0,0,0,0,0
0.532697,0,0,0,0,0,0,0,0,0
0.533152,0,0,0,0,0,0,0,0,0
0.533607,0,0,0,0,0,0,0,0,0
0.533834,0,0,0,0,0,0,0,0,0
0.534289,0,0,0,0,0,0,0,0,0
0.534743,0,0,0,0,0,0,0,0,0
0.535198,0,0,0,0,0,0,0,0,0
0.535426,0,0,0,0,0,0,0,0,0
0.53588,0,0,0,0,0,0,0,0,0
0.536335,0,0,0,0,0,0,0,0,0
0.53679,0,0,0,0,0,0,0,0,0
0.537017,0,0,0,0,0,0,0,0,0
0.537472,0,0,0,0,0,0,0,0,0
0.537927,0,0,0,0,0,0,0,0,0
0.538382,0,0,0,0,0,0,0,0,0
0.538609,0,0,0,0,0,0,0,0,0
0.539064,0,0,0,0,0,0,0,0,0
0.539519,0,0,0,0,0,0,0,0,0
0.539746,0,0,0,0,0,0,0,0,0
0.540201,0,0,0,0,0,0,0,0,0
0.540656,0,0,0,0,0,0,0,0,0
0.541111,0,0,0,0,0,0,0,0,0
0.541338,0,0,0,0,0,0,0,0,0
0.541793,0,0,0,0,0,0,0,0,0
0.542247,0,0,0,0,0,0,0,0,0
0.542475,0,0,0,0,0,0,0,0,0
0.54293,0,0,0,0,0,0,0,0,0
0.543384,0,0,0,0,0,0,0,0,0
0.543612,0,0,0,0,0,0,0,0,0
0.544067,0,0,0,0,0,0,0,0,0
0.544522,0,0,0,0,0,0,0,0,0
0.544749,0,0,0,0,0,0,0,0,0
0.545204,0,0,0,0,0,0,0,0,0
0.545431,0,0,0,0,0,0,0,0,0
0.545886,0,0,0,0,0,0,0,0,0
0.546113,0,0,0,0,0,0,0,0,0
0.546341,0,0,0,0,0,0,0,0,0
0.546795,0,0,0,0,0,0,0,0,0
0.547023,0,0,0,0,0,0,0,0,0
0.54725,0,0,0,0,0,0,0,0,0
0.547705,0,0,0,0,0,0,0,0,0
0.547932,0,0,0,0,0,0,0,0,0
0.54816,0,0,0,0,0,0,0,0,0
0.548387,0,0,0,0,0,0,0,0,0
0.548842,0,0,0,0,0,0,0,0,0
0.549069,0,0,0,0,0,0,0,0,0
0.549297,0,0,0,0,0,0,0,0,0
0.549524,0,0,0,0,0,0,0,0,0
0.549752,0,0,0,0,0,0,0,0,0
0.549979,0,0,0,0,0,0,0,0,0
0.550206,0,0,0,0,0,0,0,0,0
0.550661,0,0,0,0,0,0,0,0,0
0.550889,0,0,0,0,0,0,0,0,0
0.551116,0,0,0,0,0,0,0,0,0
0.551343,0,0,0,0,0,0,0,0,0
0.551571,0,0,0,0,0,0,0,0,0
0.551798,0,0,0,0,0,0,0,0,0
0.552253,0,0,0,0,0,0,0,0,0
0.55248,0,0,0,0,0,0,0,0,0
0.552708,0,0,0,0,0,0,0,0,0
0.553163,0,0,0,0,0,0,0,0,0
0.55339,0,0,0,0,0,0,0,0,0
0.553617,0,0,0,0,0,0,0,0,0
0.554072,0,0,0,0,0,0,0,0,0
0.554299,0,0,0,0,0,0,0,0,0
0.554527,0,0,0,0,0,0,0,0,0
0.554982,0,0,0,0,0,0,0,0,0
0.555209,0,0,0,0,0,0,0,0,0
0.555664,0,0,0,0,0,0,0,0,0
0.555891,0,0,0,0,0,0,0,0,0
0.556346,0,0,0,0,0,0,0,0,0
0.556574,0,0,0,0,0,0,0,0,0
0.557028,0,0,0,0,0,0,0,0,0
0.557483,0,0,0,0,0,0,0,0,0
0.557711,0,0,0,0,0,0,0,0,0
0.558165,0,0,0,0,0,0,0,0,0
0.55862,0,0,0,0,0,0,0,0,0
0.558847,0,0,0,0,0,0,0,0,0
0.559302,0,0,0,0,0,0,0,0,0
0.559802,0,0,0,0,0,0,0,0,0
0.560053,0,0,0,0,0,0,0,0,0
0.560553,0,0,0,0,0,0,0,0,0
0.561053,0,0,0,0,0,0,0,0,0
0.561553,0,0,0,0,0,0,0,0,0
0.561804,0,0,0,0,0,0,0,0,0
0.562304,0,0,0,0,0,0,0,0,0
0.562804,0,0,0,0,0,0,0,0,0
0.563304,0,0,0,0,0,0,0,0,0
0.563555,0,0,0,0,0,0,0,0,0
0.564055,0,0,0,0,0,0,0,0,0
0.564555,0,0,0,0,0,0,0,0,0
0.564805,0,0,0,0,0,0,0,0,0
0.565305,0,0,0,0,0,0,0,0,0
0.565806,0,0,0,0,0,0,0,0,0
0.566306,0,0,0,0,0,0,0,0,0
0.566556,0,0,0,0,0,0,0,0,0
0.567056,0,0,0,0,0,0,0,0,0
0.567557,0,0,0,0,0,0,0,0,0
0.568057,0,0,0,0,0,0,0,0,0
0.568307,0,0,0,0,0,0,0,0,0
0.568807,0,0,0,0,0,0,0,0,0
0.569308,0,0,0,0,0,0,0,0,0
0.569808,0,0,0,0,0,0,0,0,0
0.570058,0,0,0,0,0,0,0,0,0
0.570558,0,0,0,0,0,0,0,0,0
0.571059,0,0,0,0,0,0,0,0,0
0.571309,0,0,0,0,0,0,0,0,0
0.571809,0,0,0,0,0,0,0,0,0
0.572309,0,0,0,0,0,0,0,0,0
0.57281,0,0,0,0,0,0,0,0,0
0.57331,0,0,0,0,0,0,0,0,0
0.57356,0,0,0,0,0,0,0,0,0
0.57406,0,0,0,0,0,0,0,0,0
0.574561,0,0,0,0,0,0,0,0,0
0.574811,0,0,0,0,0,0,0,0,0
0.575311,0,0,0,0,0,0,0,0,0
0.575811,0,0,0,0,0,0,0,0,0
0.576312,0,0,0,0,0,0,0,0,0
0.576562,0,0,0,0,0,0,0,0,0
0.577062,0,0,0,0,0,0,0,0,0
0.577562,0,0,0,0,0,0,0,0,0
0.578062,0,0,0,0,0,0,0,0,0
0.578313,0,0,0,0,0,0,0,0,0
0.578813,0,0,0,0,0,0,0,0,0
0.579313,0,0,0,0,0,0,0,0,0
0.579813,0,0,0,0,0,0,0,0,0
0.580064,0,0,0,0,0,0,0,0,0
0.580564,0,0,0,0,0,0,0,0,0
0.581064,0,0,0,0,0,0,0,0,0
0.581314,0,0,0,0,0,0,0,0,0
0.581815,0,0,0,0,0,0,0,0,0
0.582315,0,0,0,0,0,0,0,0,0
0.582815,0,0,0,0,0,0,0,0,0
0.583065,0,0,0,0,0,0,0,0,0
0.583565,0,0,0,0,0,0,0,0,0
0.584066,0,0,0,0,0,0,0,0,0
0.584466,0,0,0,0,0,0,0,0,0
0.584866,0,0,0,0,0,0,0,0,0
0.585066,0,0,0,0,0,0,0,0,0
0.585467,0,0,0,0,0,0,0,0,0
0.585867,0,0,0,0,0,0,0,0,0
0.586267,0,0,0,0,0,0,0,0,0
0.586467,0,0,0,0,0,0,0,0,0
0.586867,0,0,0,0,0,0,0,0,0
0.587268,0,0,0,0,0,0,0,0,0
0.587668,0,0,0,0,0,0,0,0,0
0.587868,0,0,0,0,0,0,0,0,0
0.588268,0,0,0,0,0,0,0,0,0
0.588668,0,0,0,0,0,0,0,0,0
0.589068,0,0,0,0,0,0,0,0,0
0.589269,0,0,0,0,0,0,0,0,0
0.589669,0,0,0,0,0,0,0,0,0
0.590069,0,0,0,0,0,0,0,0,0
0.590269,0,0,0,0,0,0,0,0,0
0.590669,0,0,0,0,0,0,0,0,0
0.59107,0,0,0,0,0,0,0,0,0
0.59147,0,0,0,0,0,0,0,0,0
0.59167,0,0,0,0,0,0,0,0,0
0.59207,0,0,0,0,0,0,0,0,0
0.59247,0,0,0,0,0,0,0,0,0
0.59267,0,0,0,0,0,0,0,0,0
0.593071,0,0,0,0,0,0,0,0,0
0.593471,0,0,0,0,0,0,0,0,0
0.593671,0,0,0,0,0,0,0,0,0
0.594071,0,0,0,0,0,0,0,0,0
0.594471,0,0,0,0,0,0,0,0,0
0.594671,0,0,0,0,0,0,0,0,0
0.595072,0,0,0,0,0,0,0,0,0
0.595272,0,0,0,0,0,0,0,0,0
0.595672,0,0,0,0,0,0,0,0,0
0.595872,0,0,0,0,0,0,0,0,0
0.596272,0,0,0,0,0,0,0,0,0
0.596473,0,0,0,0,0,0,0,0,0
0.596873,0,0,0,0,0,0,0,0,0
0.597073,0,0,0,0,0,0,0,0,0
0.597273,0,0,0,0,0,0,0,0,0
0.597673,0,0,0,0,0,0,0,0,0
0.597873,0,0,0,0,0,0,0,0,0
0.598073,0,0,0,0,0,0,0,0,0
0.598274,0,0,0,0,0,0,0,0,0
0.598674,0,0,0,0,0,0,0,0,0
0.598874,0,0,0,0,0,0,0,0,0
0.599074,0,0,0,0,0,0,0,0,0
0.599274,0,0,0,0,0,0,0,0,0
0.599674,0,0,0,0,0,0,0,0,0
0.599874,0,0,0,0,0,0,0,0,0
0.600074,0,0,0,0,0,0,0,0,0
0.600275,0,0,0,0,0,0,0,0,0
0.600475,0,0,0,0,0,0,0,0,0
0.600675,0,0,0,0,0,0,0,0,0
0.600875,0,0,0,0,0,0,0,0,0
0.601275,0,0,0,0,0,0,0,0,0
0.601475,0,0,0,0,0,0,0,0,0
0.601675,0,0,0,0,0,0,0,0,0
0.601875,0,0,0,0,0,0,0,0,0
0.602076,0,0,0,0,0,0,0,0,0
0.602276,0,0,0,0,0,0,0,0,0
0.602676,0,0,0,0,0,0,0,0,0
0.602876,0,0,0,0,0,0,0,0,0
0.603076,0,0,0,0,0,0,0,0,0
0.603476,0,0,0,0,0,0,0,0,0
0.603676,0,0,0,0,0,0,0,0,0
0.603876,0,0,0,0,0,0,0,0,0
0.604277,0,0,0,0,0,0,0,0,0
0.604477,0,0,0,0,0,0,0,0,0
0.604877,0,0,0,0,0,0,0,0,0
0.605077,0,0,0,0,0,0,0,0,0
0.605477,0,0,0,0,0,0,0,0,0
0.605677,0,0,0,0,0,0,0,0,0
0.606078,0,0,0,0,0,0,0,0,0
0.606278,0,0,0,0,0,0,0,0,0
0.606678,0,0,0,0,0,0,0,0,0
0.607078,0,0,0,0,0,0,0,0,0
0.607278,0,0,0,0,0,0,0,0,0
0.607679,0,0,0,0,0,0,0,0,0
0.608079,0,0,0,0,0,0,0,0,0
0.608279,0,0,0,0,0,0,0,0,0
0.608679,0,0,0,0,0,0,0,0,0
0.609079,0,0,0,0,0,0,0,0,0
0.60948,0,0,0,0,0,0,0,0,0
0.60968,0,0,0,0,0,0,0,0,0
0.61008,0,0,0,0,0,0,0,0,0
0.61048,0,0,0,0,0,0,0,0,0
0.61088,0,0,0,0,0,0,0,0,0
0.61108,0,0,0,0,0,0,0,0,0
0.611481,0,0,0,0,0,0,0,0,0
0.611881,0,0,0,0,0,0,0,0,0
0.612281,0,0,0,0,0,0,0,0,0
0.612681,0,0,0,0,0,0,0,0,0
0.612881,0,0,0,0,0,0,0,0,0
0.613282,0,0,0,0,0,0,0,0,0
0.613682,0,0,0,0,0,0,0,0,0
0.614082,0,0,0,0,0,0,0,0,0
0.614282,0,0,0,0,0,0,0,0,0
0.614682,0,0,0,0,0,0,0,0,0
0.615083,0,0,0,0,0,0,0,0,0
0.615483,0,0,0,0,0,0,0,0,0
0.615683,0,0,0,0,0,0,0,0,0
0.616083,0,0,0,0,0,0,0,0,0
0.616483,0,0,0,0,0,0,0,0,0
0.616884,0,0,0,0,0,0,0,0,0
0.617084,0,0,0,0,0,0,0,0,0
0.617484,0,0,0,0,0,0,0,0,0
0.617884,0,0,0,0,0,0,0,0,0
0.618284,0,0,0,0,0,0,0,0,0
0.618685,0,0,0,0,0,0,0,0,0
0.618885,0,0,0,0,0,0,0,0,0
0.619285,0,0,0,0,0,0,0,0,0
0.619725,0,0,0,0,0,0,0,0,0
0.619945,0,0,0,0,0,0,0,0,0
0.620386,0,0,0,0,0,0,0,0,0
0.620826,0,0,0,0,0,0,0,0,0
0.621266,0,0,0,0,0,0,0,0,0
0.621706,0,0,0,0,0,0,0,0,0
0.621926,0,0,0,0,0,0,0,0,0
0.622367,0,0,0,0,0,0,0,0,0
0.622807,0,0,0,0,0,0,0,0,0
0.623247,0,0,0,0,0,0,0,0,0
0.623467,0,0,0,0,0,0,0,0,0
0.623907,0,0,0,0,0,0,0,0,0
0.624348,0,0,0,0,0,0,0,0,0
0.624568,0,0,0,0,0,0,0,0,0
0.625008,0,0,0,0,0,0,0,0,0
0.625448,0,0,0,0,0,0,0,0,0
0.625889,0,0,0,0,0,0,0,0,0
0.626109,0,0,0,0,0,0,0,0,0
0.626549,0,0,0,0,0,0,0,0,0
0.626989,0,0,0,0,0,0,0,0,0
0.627429,0,0,0,0,0,0,0,0,0
0.627649,0,0,0,0,0,0,0,0,0
0.62809,0,0,0,0,0,0,0,0,0
0.62853,0,0,0,0,0,0,0,0,0
0.62897,0,0,0,0,0,0,0,0,0
0.62919,0,0,0,0,0,0,0,0,0
0.629631,0,0,0,0,0,0,0,0,0
0.630071,0,0,0,0,0,0,0,0,0
0.630291,0,0,0,0,0,0,0,0,0
0.630731,0,0,0,0,0,0,0,0,0
0.631171,0,0,0,0,0,0,0,0,0
0.631612,0,0,0,0,0,0,0,0,0
0.631832,0,0,0,0,0,0,0,0,0
0.632272,0,0,0,0,0,0,0,0,0
0.632712,0,0,0,0,0,0,0,0,0
0.633152,0,0,0,0,0,0,0,0,0
0.633373,0,0,0,0,0,0,0,0,0
0.633813,0,0,0,0,0,0,0,0,0
0.634253,0,0,0,0,0,0,0,0,0
0.634473,0,0,0,0,0,0,0,0,0
0.634913,0,0,0,0,0,0,0,0,0
0.635354,0,0,0,0,0,0,0,0,0
0.635574,0,0,0,0,0,0,0,0,0
0.636014,0,0,0,0,0,0,0,0,0
0.636454,0,0,0,0,0,0,0,0,0
0.636895,0,0,0,0,0,0,0,0,0
0.637115,0,0,0,0,0,0,0,0,0
0.637555,0,0,0,0,0,0,0,0,0
0.637995,0,0,0,0,0,0,0,0,0
0.638215,0,0,0,0,0,0,0,0,0
0.638655,0,0,0,0,0,0,0,0,0
0.639096,0,0,0,0,0,0,0,0,0
0.639536,0,0,0,0,0,0,0,0,0
0.639756,0,0,0,0,0,0,0,0,0
0.640196,0,0,0,0,0,0,0,0,0
0.640637,0,0,0,0,0,0,0,0,0
0.641077,0,0,0,0,0,0,0,0,0
0.641297,0,0,0,0,0,0,0,0,0
0.641737,0,0,0,0,0,0,0,0,0
0.642177,0,0,0,0,0,0,0,0,0
0.642398,0,0,0,0,0,0,0,0,0
0.642838,0,0,0,0,0,0,0,0,0
0.643278,0,0,0,0,0,0,0,0,0
0.643498,0,0,0,0,0,0,0,0,0
0.643938,0,0,0,0,0,0,0,0,0
0.644379,0,0,0,0,0,0,0,0,0
0.644599,0,0,0,0,0,0,0,0,0
0.645039,0,0,0,0,0,0,0,0,0
0.645259,0,0,0,0,0,0,0,0,0
0.645699,0,0,0,0,0,0,0,0,0
0.645919,0,0,0,0,0,0,0,0,0
0.64614,0,0,0,0,0,0,0,0,0
0.64658,0,0,0,0,0,0,0,0,0
0.6468,0,0,0,0,0,0,0,0,0
0.64702,0,0,0,0,0,0,0,0,0
0.64746,0,0,0,0,0,0,0,0,0
0.64768,0,0,0,0,0,0,0,0,0
0.647901,0,0,0,0,0,0,0,0,0
0.648341,0,0,0,0,0,0,0,0,0
0.648561,0,0,0,0,0,0,0,0,0
0.648781,0,0,0,0,0,0,0,0,0
0.649001,0,0,0,0,0,0,0,0,0
0.649221,0,0,0,0,0,0,0,0,0
0.649441,0,0,0,0,0,0,0,0,0
0.649661,0,0,0,0,0,0,0,0,0
0.650102,0,0,0,0,0,0,0,0,0
0.650322,0,0,0,0,0,0,0,0,0
0.650542,0,0,0,0,0,0,0,0,0
0.650762,0,0,0,0,0,0,0,0,0
0.650982,0,0,0,0,0,0,0,0,0
0.651202,0,0,0,0,0,0,0,0,0
0.651422,0,0,0,0,0,0,0,0,0
0.651863,0,0,0,0,0,0,0,0,0
0.652083,0,0,0,0,0,0,0,0,0
0.652303,0,0,0,0,0,0,0,0,0
0.652523,0,0,0,0,0,0,0,0,0
0.652963,0,0,0,0,0,0,0,0,0
0.653183,0,0,0,0,0,0,0,0,0
0.653404,0,0,0,0,0,0,0,0,0
0.653844,0,0,0,0,0,0,0,0,0
0.654064,0,0,0,0,0,0,0,0,0
0.654504,0,0,0,0,0,0,0,0,0
0.654724,0,0,0,0,0,0,0,0,0
0.654944,0,0,0,0,0,0,0,0,0
0.655384,0,0,0,0,0,0,0,0,0
0.655605,0,0,0,0,0,0,0,0,0
0.656045,0,0,0,0,0,0,0,0,0
0.656485,0,0,0,0,0,0,0,0,0
0.656705,0,0,0,0,0,0,0,0,0
0.657146,0,0,0,0,0,0,0,0,0
0.657366,0,0,0,0,0,0,0,0,0
0.657806,0,0,0,0,0,0,0,0,0
0.658246,0,0,0,0,0,0,0,0,0
0.658686,0,0,0,0,0,0,0,0,0
0.658907,0,0,0,0,0,0,0,0,0
0.659347,0,0,0,0,0,0,0,0,0
0.659787,0,0,0,0,0,0,0,0,0
0.660007,0,0,0,0,0,0,0,0,0
0.660447,0,0,0,0,0,0,0,0,0
0.660887,0,0,0,0,0,0,0,0,0
0.661328,0,0,0,0,0,0,0,0,0
0.661548,0,0,0,0,0,0,0,0,0
0.661988,0,0,0,0,0,0,0,0,0
0.662428,0,0,0,0,0,0,0,0,0
0.662648,0,0,0,0,0,0,0,0,0
0.663089,0,0,0,0,0,0,0,0,0
0.663529,0,0,0,0,0,0,0,0,0
0.663969,0,0,0,0,0,0,0,0,0
0.664189,0,0,0,0,0,0,0,0,0
0.66463,0,0,0,0,0,0,0,0,0
0.66507,0,0,0,0,0,0,0,0,0
0.66551,0,0,0,0,0,0,0,0,0
0.66573,0,0,0,0,0,0,0,0,0
0.66617,0,0,0,0,0,0,0,0,0
0.666611,0,0,0,0,0,0,0,0,0
0.666831,0,0,0,0,0,0,0,0,0
0.667271,0,0,0,0,0,0,0,0,0
0.667711,0,0,0,0,0,0,0,0,0
0.668151,0,0,0,0,0,0,0,0,0
0.668372,0,0,0,0,0,0,0,0,0
0.668812,0,0,0,0,0,0,0,0,0
0.669252,0,0,0,0,0,0,0,0,0
0.669692,0,0,0,0,0,0,0,0,0
0.669913,0,0,0,0,0,0,0,0,0
0.670353,0,0,0,0,0,0,0,0,0
0.670793,0,0,0,0,0,0,0,0,0
0.671013,0,0,0,0,0,0,0,0,0
0.671453,0,0,0,0,0,0,0,0,0
0.671893,0,0,0,0,0,0,0,0,0
0.672334,0,0,0,0,0,0,0,0,0
0.672554,0,0,0,0,0,0,0,0,0
0.672994,0,0,0,0,0,0,0,0,0
0.673434,0,0,0,0,0,0,0,0,0
0.673654,0,0,0,0,0,0,0,0,0
0.674095,0,0,0,0,0,0,0,0,0
0.674535,0,0,0,0,0,0,0,0,0
0.674755,0,0,0,0,0,0,0,0,0
0.675195,0,0,0,0,0,0,0,0,0
0.675636,0,0,0,0,0,0,0,0,0
0.676076,0,0,0,0,0,0,0,0,0
0.676296,0,0,0,0,0,0,0,0,0
0.676736,0,0,0,0,0,0,0,0,0
0.677176,0,0,0,0,0,0,0,0,0
0.677617,0,0,0,0,0,0,0,0,0
0.677837,0,0,0,0,0,0,0,0,0
0.678277,0,0,0,0,0,0,0,0,0
0.678717,0,0,0,0,0,0,0,0,0
0.679157,0,0,0,0,0,0,0,0,0
0.679598,0,0,0,0,0,0,0,0,0
0.679818,0,0,0,0,0,0,0,0,0
0.680258,0,0,0,0,0,0,0,0,0
0.680698,0,0,0,0,0,0,0,0,0
0.681139,0,0,0,0,0,0,0,0,0
0.681579,0,0,0,0,0,0,0,0,0
0.681799,0,0,0,0,0,0,0,0,0
0.682239,0,0,0,0,0,0,0,0,0
0.682679,0,0,0,0,0,0,0,0,0
0.68312,0,0,0,0,0,0,0,0,0
0.68356,0,0,0,0,0,0,0,0,0
0.684,0,0,0,0,0,0,0,0,0
0.68444,0,0,0,0,0,0,0,0,0
0.68466,0,0,0,0,0,0,0,0,0
0.685101,0,0,0,0,0,0,0,0,0
0.685541,0,0,0,0,0,0,0,0,0
0.685981,0,0,0,0,0,0,0,0,0
0.686421,0,0,0,0,0,0,0,0,0
0.686862,0,0,0,0,0,0,0,0,0
0.687302,0,0,0,0,0,0,0,0,0
0.687742,0,0,0,0,0,0,0,0,0
0.688182,0,0,0,0,0,0,0,0,0
0.688402,0,0,0,0,0,0,0,0,0
0.688843,0,0,0,0,0,0,0,0,0
0.689371,0,0,0,0,0,0,0,0,0
0.689899,0,0,0,0,0,0,0,0,0
0.690163,0,0,0,0,0,0,0,0,0
0.690692,0,0,0,0,0,0,0,0,0
0.691326,0,0,0,0,0,0,0,0,0
0.69196,0,0,0,0,0,0,0,0,0
0.692594,0,0,0,0,0,0,0,0,0
0.692911,0,0,0,0,0,0,0,0,0
0.693545,0,0,0,0,0,0,0,0,0
0.694305,0,0,0,0,0,0,0,0,0
0.694686,0,0,0,0,0,0,0,0,0
0.695446,0,0,0,0,0,0,0,0,0
0.696207,0,0,0,0,0,0,0,0,0
0.696587,0,0,0,0,0,0,0,0,0
0.696968,0,0,0,0,0,0,0,0,0
0.697729,0,0,0,0,0,0,0,0,0
0.698109,0,0,0,0,0,0,0,0,0
0.698489,0,0,0,0,0,0,0,0,0
0.69887,0,0,0,0,0,0,0,0,0
0.69925,0,0,0,0,0,0,0,0,0
0.69963,0,0,0,0,0,0,0,0,0
0.700011,0,0,0,0,0,0,0,0,0
0.700201,0,0,0,0,0,0,0,0,0
0.700581,0,0,0,0,0,0,0,0,0
0.700772,0,0,0,0,0,0,0,0,0
0.701152,0,0,0,0,0,0,0,0,0
0.701342,0,0,0,0,0,0,0,0,0
0.701722,0,0,0,0,0,0,0,0,0
0.702027,0,0,0,0,0,0,0,0,0
0.70227,0,0,0,0,0,0,0,0,0
0.702514,0,0,0,0,0,0,0,0,0
0.702757,0,0,0,0,0,0,0,0,0
0.703,0,0,0,0,0,0,0,0,0
0.703487,0,0,0,0,0,0,0,0,0
0.703682,0,0,0,0,0,0,0,0,0
0.703877,0,0,0,0,0,0,0,0,0
0.704072,0,0,0,0,0,0,0,0,0
0.704461,0,0,0,0,0,0,0,0,0
0.704656,0,0,0,0,0,0,0,0,0
0.70485,0,0,0,0,0,0,0,0,0
0.70524,0,0,0,0,0,0,0,0,0
0.705435,0,0,0,0,0,0,0,0,0
0.705824,0,0,0,0,0,0,0,0,0
0.705844,0,0,0,0,0,0,0,0,0
0.706233,0,0,0,0,0,0,0,0,0
0.706607,0,0,0,0,0,0,0,0,0
0.706794,0,0,0,0,0,0,0,0,0
0.707168,0,0,0,0,0,0,0,0,0
0.707355,0,0,0,0,0,0,0,0,0
0.707729,0,0,0,0,0,0,0,0,0
0.707916,0,0,0,0,0,0,0,0,0
0.70829,0,0,0,0,0,0,0,0,0
0.708664,0,0,0,0,0,0,0,0,0
0.708682,0,0,0,0,0,0,0,0,0
0.709056,0,0,0,0,0,0,0,0,0
0.709415,0,0,0,0,0,0,0,0,0
0.709774,0,0,0,0,0,0,0,0,0
0.710133,0,0,0,0,0,0,0,0,0
0.710492,0,0,0,0,0,0,0,0,0
0.71051,0,0,0,0,0,0,0,0,0
0.710869,0,0,0,0,0,0,0,0,0
0.711214,0,0,0,0,0,0,0,0,0
0.711558,0,0,0,0,0,0,0,0,0
0.711576,0,0,0,0,0,0,0,0,0
0.71192,0,0,0,0,0,0,0,0,0
0.712251,0,0,0,0,0,0,0,0,0
0.712582,0,0,0,0,0,0,0,0,0
0.712912,0,0,0,0,0,0,0,0,0
0.713243,0,0,0,0,0,0,0,0,0
0.71326,0,0,0,0,0,0,0,0,0
0.713591,0,0,0,0,0,0,0,0,0
0.713908,0,0,0,0,0,0,0,0,0
0.714226,0,0,0,0,0,0,0,0,0
0.714544,0,0,0,0,0,0,0,0,0
0.714559,0,0,0,0,0,0,0,0,0
0.714877,0,0,0,0,0,0,0,0,0
0.715195,0,0,0,0,0,0,0,0,0
0.715449,0,0,0,0,0,0,0,0,0
0.715461,0,0,0,0,0,0,0,0,0
0.715715,0,0,0,0,0,0,0,0,0
0.71602,0,0,0,0,0,0,0,0,0
0.716264,0,0,0,0,0,0,0,0,0
0.716508,0,0,0,0,0,0,0,0,0
0.716752,0,0,0,0,0,0,0,0,0
0.716764,0,0,0,0,0,0,0,0,0
0.717008,0,0,0,0,0,0,0,0,0
0.717242,0,0,0,0,0,0,0,0,0
0.717476,0,0,0,0,0,0,0,0,0
0.71771,0,0,0,0,0,0,0,0,0
0.717722,0,0,0,0,0,0,0,0,0
0.717956,0,0,0,0,0,0,0,0,0
0.718181,0,0,0,0,0,0,0,0,0
0.718406,0,0,0,0,0,0,0,0,0
0.718586,0,0,0,0,0,0,0,0,0
0.718595,0,0,0,0,0,0,0,0,0
0.718775,0,0,0,0,0,0,0,0,0
0.71899,0,0,0,0,0,0,0,0,0
0.719206,0,0,0,0,0,0,0,0,0
0.719215,0,0,0,0,0,0,0,0,0
0.719387,0,0,0,0,0,0,0,0,0
0.719595,0,0,0,0,0,0,0,0,0
0.719802,0,0,0,0,0,0,0,0,0
0.720009,0,0,0,0,0,0,0,0,0
0.720216,0,0,0,0,0,0,0,0,0
0.720423,0,0,0,0,0,0,0,0,0
0.720434,0,0,0,0,0,0,0,0,0
0.720641,0,0,0,0,0,0,0,0,0
0.72084,0,0,0,0,0,0,0,0,0
0.721039,0,0,0,0,0,0,0,0,0
0.721237,0,0,0,0,0,0,0,0,0
0.721436,0,0,0,0,0,0,0,0,0
0.721446,0,0,0,0,0,0,0,0,0
0.721645,0,0,0,0,0,0,0,0,0
0.721836,0,0,0,0,0,0,0,0,0
0.722027,0,0,0,0,0,0,0,0,0
0.722218,0,0,0,0,0,0,0,0,0
0.722409,0,0,0,0,0,0,0,0,0
0.722418,0,0,0,0,0,0,0,0,0
0.722609,0,0,0,0,0,0,0,0,0
0.722838,0,0,0,0,0,0,0,0,0
0.723067,0,0,0,0,0,0,0,0,0
0.723297,0,0,0,0,0,0,0,0,0
0.723526,0,0,0,0,0,0,0,0,0
0.723537,0,0,0,0,0,0,0,0,0
0.723766,0,0,0,0,0,0,0,0,0
0.723986,0,0,0,0,0,0,0,0,0
0.724206,0,0,0,0,0,0,0,0,0
0.724426,0,0,0,0,0,0,0,0,0
0.724437,0,0,0,0,0,0,0,0,0
0.724657,0,0,0,0,0,0,0,0,0
0.724868,0,0,0,0,0,0,0,0,0
0.725079,0,0,0,0,0,0,0,0,0
0.72529,0,0,0,0,0,0,0,0,0
0.725301,0,0,0,0,0,0,0,0,0
0.725512,0,0,0,0,0,0,0,0,0
0.725765,0,0,0,0,0,0,0,0,0
0.725968,0,0,0,0,0,0,0,0,0
0.726171,0,0,0,0,0,0,0,0,0
0.726181,0,0,0,0,0,0,0,0,0
0.726384,0,0,0,0,0,0,0,0,0
0.726627,0,0,0,0,0,0,0,0,0
0.72687,0,0,0,0,0,0,0,0,0
0.727065,0,0,0,0,0,0,0,0,0
0.727074,0,0,0,0,0,0,0,0,0
0.727269,0,0,0,0,0,0,0,0,0
0.727503,0,0,0,0,0,0,0,0,0
0.727689,0,0,0,0,0,0,0,0,0
0.727699,0,0,0,0,0,0,0,0,0
0.727885,0,0,0,0,0,0,0,0,0
0.72811,0,0,0,0,0,0,0,0,0
0.728334,0,0,0,0,0,0,0,0,0
0.728345,0,0,0,0,0,0,0,0,0
0.728569,0,0,0,0,0,0,0,0,0
0.728793,0,0,0,0,0,0,0,0,0
0.728973,0,0,0,0,0,0,0,0,0
0.728982,0,0,0,0,0,0,0,0,0
0.729161,0,0,0,0,0,0,0,0,0
0.729376,0,0,0,0,0,0,0,0,0
0.729548,0,0,0,0,0,0,0,0,0
0.729557,0,0,0,0,0,0,0,0,0
0.729729,0,0,0,0,0,0,0,0,0
0.729894,0,0,0,0,0,0,0,0,0
0.729903,0,0,0,0,0,0,0,0,0
0.730068,0,0,0,0,0,0,0,0,0
0.730266,0,0,0,0,0,0,0,0,0
0.730425,0,0,0,0,0,0,0,0,0
0.730583,0,0,0,0,0,0,0,0,0
0.730591,0,0,0,0,0,0,0,0,0
0.73075,0,0,0,0,0,0,0,0,0
0.730941,0,0,0,0,0,0,0,0,0
0.731093,0,0,0,0,0,0,0,0,0
0.731245,0,0,0,0,0,0,0,0,0
0.731253,0,0,0,0,0,0,0,0,0
0.731405,0,0,0,0,0,0,0,0,0
0.731588,0,0,0,0,0,0,0,0,0
0.731771,0,0,0,0,0,0,0,0,0
0.731778,0,0,0,0,0,0,0,0,0
0.731924,0,0,0,0,0,0,0,0,0
0.732064,0,0,0,0,0,0,0,0,0
0.732205,0,0,0,0,0,0,0,0,0
0.732345,0,0,0,0,0,0,0,0,0
0.732352,0,0,0,0,0,0,0,0,0
0.732493,0,0,0,0,0,0,0,0,0
0.732627,0,0,0,0,0,0,0,0,0
0.732762,0,0,0,0,0,0,0,0,0
0.732897,0,0,0,0,0,0,0,0,0
0.732902,0,0,0,0,0,0,0,0,0
0.73301,0,0,0,0,0,0,0,0,0
0.733114,0,0,0,0,0,0,0,0,0
0.733217,0,0,0,0,0,0,0,0,0
0.733222,0,0,0,0,0,0,0,0,0
0.733326,0,0,0,0,0,0,0,0,0
0.73345,0,0,0,0,0,0,0,0,0
0.733549,0,0,0,0,0,0,0,0,0
0.733554,0,0,0,0,0,0,0,0,0
0.733654,0,0,0,0,0,0,0,0,0
0.733657,0,0,0,0,0,0,0,0,0
0.73372,0,0,0,0,0,0,0,0,0
0.733723,0,0,0,0,0,0,0,0,0
0.733772,0,0,0,0,0,0,0,0,0
0.733774,0,0,0,0,0,0,0,0,0
0.733811,0,0,0,0,0,0,0,0,0
0.73384,0,0,0,0,0,0,0,0,0
0.733869,0,0,0,0,0,0,0,0,0
0.733903,0,0,0,0,0,0,0,0,0
0.733945,0,0,0,0,0,0,0,0,0
0.733994,0,0,0,0,0,0,0,0,0
0.734054,0,0,0,0,0,0,0,0,0
0.734114,0,0,0,0,0,0,0,0,0
0.734174,0,0,0,0,0,0,0,0,0
0.734233,0,0,0,0,0,0,0,0,0
0.734305,0,0,0,0,0,0,0,0,0
0.734377,0,0,0,0,0,0,0,0,0
0.734448,0,0,0,0,0,0,0,0,0
0.73452,0,0,0,0,0,0,0,0,0
0.734606,0,0,0,0,0,0,0,0,0
0.734709,0,0,0,0,0,0,0,0,0
0.734812,0,0,0,0,0,0,0,0,0
0.734916,0,0,0,0,0,0,0,0,0
0.73504,0,0,0,0,0,0,0,0,0
0.735163,0,0,0,0,0,0,0,0,0
0.735312,0,0,0,0,0,0,0,0,0
0.73549,0,0,0,0,0,0,0,0,0
0.735669,0,0,0,0,0,0,0,0,0
0.735847,0,0,0,0,0,0,0,0,0
0.736061,0,0,0,0,0,0,0,0,0
0.736318,0,0,0,0,0,0,0,0,0
0.736575,0,0,0,0,0,0,0,0,0
0.736831,0,0,0,0,0,0,0,0,0
0.73714,0,0,0,0,0,0,0,0,0
0.737448,0,0,0,0,0,0,0,0,0
0.737818,0,0,0,0,0,0,0,0,0
0.738188,0,0,0,0,0,0,0,0,0
0.738557,0,0,0,0,0,0,0,0,0
0.738927,0,0,0,0,0,0,0,0,0
0.739371,0,0,0,0,0,0,0,0,0
0.739815,0,0,0,0,0,0,0,0,0
0.740259,0,0,0,0,0,0,0,0,0
0.740702,0,0,0,0,0,0,0,0,0
0.741235,0,0,0,0,0,0,0,0,0
0.741767,0,0,0,0,0,0,0,0,0
0.7423,0,0,0,0,0,0,0,0,0
0.742832,0,0,0,0,0,0,0,0,0
0.743365,0,0,0,0,0,0,0,0,0
0.743897,0,0,0,0,0,0,0,0,0
0.74443,0,0,0,0,0,0,0,0,0
0.744963,0,0,0,0,0,0,0,0,0
0.745229,0,0,0,0,0,0,0,0,0
0.745761,0,0,0,0,0,0,0,0,0
0.746081,0,0,0,0,0,0,0,0,0
0.74672,0,0,0,0,0,0,0,0,0
0.747039,0,0,0,0,0,0,0,0,0
0.747359,0,0,0,0,0,0,0,0,0
0.747679,0,0,0,0,0,0,0,0,0
0.748318,0,0,0,0,0,0,0,0,0
0.748637,0,0,0,0,0,0,0,0,0
0.748957,0,0,0,0,0,0,0,0,0
0.749276,0,0,0,0,0,0,0,0,0
0.749596,0,0,0,0,0,0,0,0,0
0.749915,0,0,0,0,0,0,0,0,0
0.750235,0,0,0,0,0,0,0,0,0
0.750554,0,0,0,0,0,0,0,0,0
0.750938,0,0,0,0,0,0,0,0,0
0.751321,0,0,0,0,0,0,0,0,0
0.752088,0,0,0,0,0,0,0,0,0
0.752471,0,0,0,0,0,0,0,0,0
0.752855,0,0,0,0,0,0,0,0,0
0.753238,0,0,0,0,0,0,0,0,0
0.754158,0,0,0,0,0,0,0,0,0
0.754619,0,0,0,0,0,0,0,0,0
0.755539,0,0,0,0,0,0,0,0,0
0.755999,0,0,0,0,0,0,0,0,0
0.756919,0,0,0,0,0,0,0,0,0
0.757471,0,0,0,0,0,0,0,0,0
0.758576,0,0,0,0,0,0,0,0,0
0.75968,0,0,0,0,0,0,0,0,0
0.760784,0,0,0,0,0,0,0,0,0
0.761888,0,0,0,0,0,0,0,0,0
0.762993,0,0,0,0,0,0,0,0,0
0.764097,0,0,0,0,0,0,0,0,0
0.765201,0,0,0,0,0,0,0,0,0
0.766306,0,0,0,0,0,0,0,0,0
0.76741,0,0,0,0,0,0,0,0,0
0.768514,0,0,0,0,0,0,0,0,0
0.769618,0,0,0,0,0,0,0,0,0
0.77017,0,0,0,0,0,0,0,0,0
0.771275,0,0,0,0,0,0,0,0,0
0.7726,0,0,0,0,0,0,0,0,0
0.773262,0,0,0,0,0,0,0,0,0
0.774588,0,0,0,0,0,0,0,0,0
0.776178,0,0,0,0,0,0,0,0,0
0.776973,0,0,0,0,0,0,0,0,0
0.778563,0,0,0,0,0,0,0,0,0
0.779517,0,0,0,0,0,0,0,0,0
0.780948,0,0,0,0,0,0,0,0,0
0.782379,0,0,0,0,0,0,0,0,0
0.78381,0,0,0,0,0,0,0,0,0
0.785241,0,0,0,0,0,0,0,0,0
0.786196,0,0,0,0,0,0,0,0,0
0.787627,0,0,0,0,0,0,0,0,0
0.789058,0,0,0,0,0,0,0,0,0
0.790584,0,0,0,0,0,0,0,0,0
0.791806,0,0,0,0,0,0,0,0,0
0.792416,0,0,0,0,0,0,0,0,0
0.793638,0,0,0,0,0,0,0,0,0
0.794248,0,0,0,0,0,0,0,0,0
0.795469,0,0,0,0,0,0,0,0,0
0.79608,0,0,0,0,0,0,0,0,0
0.796996,0,0,0,0,0,0,0,0,0
0.797607,0,0,0,0,0,0,0,0,0
0.798522,0,0,0,0,0,0,0,0,0
0.799133,0,0,0,0,0,0,0,0,0
0.799744,0,0,0,0,0,0,0,0,0
0.800354,0,0,0,0,0,0,0,0,0
0.800965,0,0,0,0,0,0,0,0,0
0.801576,0,0,0,0,0,0,0,0,0
0.802491,0,0,0,0,0,0,0,0,0
0.803102,0,0,0,0,0,0,0,0,0
0.804018,0,0,0,0,0,0,0,0,0
0.804629,0,0,0,0,0,0,0,0,0
0.80585,0,0,0,0,0,0,0,0,0
0.80646,0,0,0,0,0,0,0,0,0
0.807682,0,0,0,0,0,0,0,0,0
0.808903,0,0,0,0,0,0,0,0,0
0.809514,0,0,0,0,0,0,0,0,0
0.810735,0,0,0,0,0,0,0,0,0
0.811956,0,0,0,0,0,0,0,0,0
0.812567,0,0,0,0,0,0,0,0,0
0.813788,0,0,0,0,0,0,0,0,0
0.815009,0,0,0,0,0,0,0,0,0
0.81623,0,0,0,0,0,0,0,0,0
0.816841,0,0,0,0,0,0,0,0,0
0.818062,0,0,0,0,0,0,0,0,0
0.819283,0,0,0,0,0,0,0,0,0
0.819894,0,0,0,0,0,0,0,0,0
0.821115,0,0,0,0,0,0,0,0,0
0.822337,0,0,0,0,0,0,0,0,0
0.822947,0,0,0,0,0,0,0,0,0
0.824168,0,0,0,0,0,0,0,0,0
0.82539,0,0,0,0,0,0,0,0,0
0.826611,0,0,0,0,0,0,0,0,0
0.827222,0,0,0,0,0,0,0,0,0
0.828443,0,0,0,0,0,0,0,0,0
0.829053,0,0,0,0,0,0,0,0,0
0.830275,0,0,0,0,0,0,0,0,0
0.831496,0,0,0,0,0,0,0,0,0
0.832106,0,0,0,0,0,0,0,0,0
0.833328,0,0,0,0,0,0,0,0,0
0.833938,0,0,0,0,0,0,0,0,0
0.835159,0,0,0,0,0,0,0,0,0
0.83577,0,0,0,0,0,0,0,0,0
0.836991,0,0,0,0,0,0,0,0,0
0.837968,0,0,0,0,0,0,0,0,0
0.838457,0,0,0,0,0,0,0,0,0
0.839434,0,0,0,0,0,0,0,0,0
0.840411,0,0,0,0,0,0,0,0,0
0.840899,0,0,0,0,0,0,0,0,0
0.841876,0,0,0,0,0,0,0,0,0
0.842853,0,0,0,0,0,0,0,0,0
0.843342,0,0,0,0,0,0,0,0,0
0.844319,0,0,0,0,0,0,0,0,0
0.844905,0,0,0,0,0,0,0,0,0
0.845491,0,0,0,0,0,0,0,0,0
0.846664,0,0,0,0,0,0,0,0,0
0.84725,0,0,0,0,0,0,0,0,0
0.847836,0,0,0,0,0,0,0,0,0
0.848422,0,0,0,0,0,0,0,0,0
0.849126,0,0,0,0,0,0,0,0,0
0.849829,0,0,0,0,0,0,0,0,0
0.850532,0,0,0,0,0,0,0,0,0
0.851236,0,0,0,0,0,0,0,0,0
0.852291,0,0,0,0,0,0,0,0,0
0.852995,0,0,0,0,0,0,0.0276297,0,0
0.85405,0,0,0,0,0,0,0.20239,0,0
0.854753,0,0,0,0,0,0,0.189052,0,0
0.85616,0,0,0,0,0,0,0.400624,0,0
0.856863,0.114817,0,0,0,0,0,0.49783,0,0
0.85827,0.208115,0,0,0,0,0,0.574335,0,0
0.859677,0.299022,0,0,0,0,0,0.676727,0,0
0.86038,0.401768,0,0,0,0,0,0.721292,0,0
0.861787,0.482294,0,0,0,0,0,0.807275,0,0
0.863194,0.550252,0,0,0,0,0,0.890228,0,0
0.863898,0.6052,0,0,0,0,0,0.930265,0,0
0.865305,0.667248,0,0,0,0,0,1.0148,0,0
0.866993,0.738556,0,0,0,0,0,1.08761,0,0
0.867837,0.799971,0,0,0,0,0,1.154,0,0
0.869525,0.876821,0,0,0,0,0,1.24881,0,0
0.871213,0.945957,0,0,0,0,0,1.30409,0,0
0.872479,1.00158,0,0,0,0,0,1.37606,0,0
0.873746,1.06344,0,0,0,0,0,1.44439,0,0
0.875434,1.11265,0,0,0,0,0,1.48888,0,0
0.8767,1.18044,0,0,0,0,0,1.5769,0,0
0.877966,1.23359,0,0,0,0,0,1.62644,0,0
0.879655,1.29071,0,0,0,0,0,1.68988,0,0
0.880921,1.3492,0,0,0,0,0,1.75812,0,0
0.882187,1.39777,0,0,0,0,0,1.80371,0,0
0.883875,1.44995,0,0,0,0,0,1.86008,0,0
0.885141,1.4972,0,0,0,0,0,1.91789,0,0
0.88683,1.54968,0,0,0,0,0,1.96855,0,0
0.888096,1.59895,0,0,0,0,0,2.02145,0,0
0.889362,1.65304,0,0,0,0,0,2.08072,0,0
0.890628,1.69796,0,0,0,0,0,2.12569,0,0
0.891894,1.73855,0,0,0,0,0,2.16887,0,0
0.89316,1.7893,0,0,0,0,0,2.2258,0,0
0.894427,1.83862,0,0,0,0,0,2.27704,0,0
0.89544,1.89637,0,0,0,0,0,2.33614,0,0
0.896452,1.9512,0,0,0,0,0,2.39847,0,0
0.897972,2.00311,0,0,0,0,0,2.45076,0,0
0.899187,2.06121,0,0,0,0,0,2.51123,0,0
0.901011,2.12922,0,0,0,0,0,2.58304,0,0
0.902834,2.17655,0,0,0,0,0,2.63245,0,0
0.904657,2.24474,0,0,0,0,0,2.70556,0,0
0.907088,2.30257,0,0,0,0,0,2.76637,0,0
0.908912,2.35764,0,0,0,0,0,2.82444,0,0
0.910735,2.42534,0,0,0,0,0,2.89475,0,0
0.912558,2.47483,0,0,0,0,0,2.94613,0,0
0.914989,2.53325,0,0,0,0,0,3.01065,0,0
0.916813,2.58929,0,0,0,0,0,3.068,0,0
0.918636,2.64435,0,0,0,0,0,3.12623,0,0
0.921067,2.7039,0,0,0,0,0,3.19042,0,0
0.92289,2.75327,0,0,0,0,0,3.24149,0,0
0.924714,2.81201,0,0,0,0,0,3.30252,0,0
0.927145,2.86999,0,0,0,0,0,3.36448,0,0
0.928968,2.92268,0,0,0,0,0,3.41811,0,0
0.931095,2.97586,0,0,0,0,0,3.4749,0,0
0.932918,3.0323,0,0,0,0,0,3.53464,0,0
0.934742,3.08285,0,0,0,0,0,3.58681,0,0
0.936565,3.14037,0,0,0,0,0,3.64627,0,0
0.93778,3.18701,0,0,0,0,0,3.69555,0,0
0.9393,3.24074,0,0,0,0,0,3.75111,0,0
0.941123,3.30223,0,0,0,0,0,3.81553,0,0
0.942946,3.36013,0,0,0,0,0,3.87622,0,0
0.945135,3.41968,0,0,0,0,0,3.93685,0,0
0.947322,3.48357,0,0,0,0,0,4.00373,0,0
0.949875,3.54199,0,0,0,0,0,4.0652,0,0
0.952428,3.60678,0,0,0,0,0,4.13204,0,0
0.954616,3.66828,0,0,0,0,0,4.19662,0,0
0.957168,3.72526,0,0,0,0,0,4.25559,0,0
0.959356,3.7866,0,0,0,0,0,4.31891,0,0
0.962273,3.84879,0,0,0,0,0,4.38441,0,0
0.964461,3.90574,0,0,0,0,0,4.44348,0,0
0.966649,3.97106,0,0,0,0,0,4.51196,0,0
0.969202,4.03167,0,0,0,0,0,4.57523,0,0
0.971755,4.09165,0,0,0,0,0,4.63692,0,0
0.973943,4.15222,0,0,0,0,0,4.70047,0,0
0.97613,4.2055,0,0,0,0,0,4.75652,0,0
0.977954,4.26368,0,0,0,0,0,4.81515,0,0
0.979777,4.32119,0,0,0,0,0,4.87498,0,0
0.9816,4.37491,0,0,0,0,0,4.92985,0,0
0.983424,4.42867,0,0,0,0,0,4.98497,0,0
0.985612,4.48693,0,0,0,0,0,5.0466,0,0
0.9878,4.53953,0,0,0,0,0,5.10075,0,0
0.990352,4.59877,0,0,0,0.0779795,0,5.16118,0,0
0.992905,4.65378,0,0,0,0.0845868,0,5.21846,0,0
0.995093,4.70536,0,0,0,0.130183,0,5.2716,0,0
0.997645,4.75978,0,0,0,0.1847,0,5.3275,0,0
0.999833,4.81373,0,0,0,0.202121,0,5.38245,0,0
1.00239,4.86587,0,0,0,0.2442,0,5.43616,0,0
1.00457,4.91929,0,0,0,0.29797,0,5.49105,0,0
1.00713,4.97459,0,0,0,0.316141,0,5.54881,0,0
1.00968,5.03097,0,0,0,0.360252,0,5.60765,0,0
1.01187,5.08407,0,0,0,0.403203,0,5.66186,0,0
1.01442,5.13688,0,0,0,0.425806,0,5.71653,0,0
1.01661,5.18817,0,0,0,0.464845,0,5.76907,0,0
1.01843,5.23421,0,0,0,0.505848,0,5.81543,0,0
1.02025,5.28275,0,0,0,0.531118,0,5.8655,0,0
1.02171,5.32726,0,0,0,0.566145,0,5.91102,0,0
1.0239,5.38493,0,0,0,0.60788,0,5.97095,0,0
1.02653,5.43975,0,0,0,0.639462,0,6.02724,0,0
1.02959,5.50191,0,0,0,0.682605,0,6.0911,0,0
1.03221,5.55699,0,0,0,0.725588,0,6.14718,0,0
1.03528,5.62122,0,0,0,0.765688,0,6.21374,0,0
1.0379,5.67718,0,0,0,0.806045,0,6.27099,0,0
1.04097,5.73131,0,0,0,0.841664,0,6.32627,0,0
1.04359,5.79251,0,0,0,0.880075,0,6.38907,0,0
1.04622,5.84774,0,0,0,0.923801,0,6.44611,0,0
1.04884,5.90662,0,0,0,0.980981,0,6.50598,0,0
1.05147,6.00384,0,0,0,1.1309,0,6.60206,0,0
1.05366,6.14195,0,0,0,1.43852,0,6.73435,0,0
1.05585,6.27114,0,0,0,1.69753,0,6.86006,0,0
1.05803,6.38804,0,0,0,1.84245,0,6.97951,0,0
1.05978,6.47976,0,0,0,2.00638,0,7.06719,0,0
1.06153,6.57932,0,0,0,2.16002,0,7.16418,0,0
1.06372,6.68453,0,0,0,2.28488,0,7.26905,0,0
1.06635,6.78635,0,0,0,2.42753,0,7.3691,0,0
1.06853,6.89297,0,0,0,2.56183,0,7.47343,0,0
1.07116,6.98128,0,0,0,2.68941,0,7.55877,0,0
1.07379,7.07879,0,0,0,2.79709,0,7.65575,0,0
1.07641,7.17821,0,0,0,2.90938,0,7.75433,0,0
1.0786,7.26817,0,0,0,3.02744,0,7.84079,0,0
1.08123,7.3689,0,0,0,3.15284,0,7.94045,0,0
1.08385,7.47801,0,0,0,3.26815,0,8.0494,0,0
1.08648,7.57549,0,0,0,3.37707,0,8.14573,0,0
1.0891,7.66834,0,0,0,3.48797,0,8.23664,0,0
1.09129,7.7574,0,0,0,3.5866,0,8.32406,0,0
1.09391,7.84952,0,0,0,3.69137,0,8.41582,0,0
1.09654,7.94103,0,0,0,3.79261,0,8.50613,0,0
1.09829,8.02663,0,0,0,3.88741,0,8.59062,0,0
1.10004,8.12425,0,0,0,3.99794,0,8.68719,0,0
1.10223,8.22784,0,0,0,4.10682,0,8.79022,0,0
1.10442,8.33055,0,0,0,4.21423,0,8.89222,0,0
1.10661,8.43057,0,0,0,4.32613,0,8.99134,0,0
1.10923,8.52594,0,0,0,4.42318,0,9.08629,0,0
1.11133,8.60143,0,0,0,4.50428,0,9.16073,0,0
1.11343,8.68777,0,0,0,4.59547,0,9.24666,0,0
1.11553,8.76925,0,0,0,4.68406,0,9.32783,0,0
1.11763,8.85082,0,0,0,4.76811,0,9.40888,0,0
1.11973,8.93422,0,0,0,4.85459,0,9.49179,0,0
1.12183,9.01411,0,0,0,4.93998,0,9.57114,0,0
1.12393,9.10434,0,0,0,5.03264,0,9.66085,0,0
1.12638,9.18757,0,0,0,5.11799,0,9.74413,0,0
1.12848,9.25615,0,0,0,5.19211,0,9.8118,0,0
1.13059,9.33819,0,0,0,5.27681,0,9.89326,0,0
1.13269,9.41381,0,0,0,5.3559,0,9.96857,0,0
1.13479,9.48898,0,0,0,5.43416,0,10.0431,0,0
1.13689,9.57394,0,0,0,5.52098,0,10.1277,0,0
1.13829,9.6406,0,0,0,5.59342,0,10.1932,0,0
1.14004,9.72966,0,0,0,5.68582,0,10.282,0,0
1.14144,9.80354,0,0,0,5.76197,0,10.3554,0,0
1.14354,9.89027,0,0,0,5.85008,0,10.4424,0,0
1.14529,9.96505,0,0,0,5.92538,0,10.5164,0,0
1.14739,10.0513,0,0,0,6.01366,0,10.6025,0,0
1.14949,10.134,0,0,0,6.10037,0,10.6848,0,0
1.15159,10.2105,0,0,0,6.17803,0,10.7611,0,0
1.15369,10.2866,0,0,0,6.25657,0,10.8368,0,0
1.15614,10.3687,0,0,0,6.33901,0,10.9187,0,0
1.15824,10.4466,0,0,0,6.42101,0,10.9962,0,0
1.16034,10.5221,0,0,0,6.49892,0,11.0711,0,0
1.16244,10.6102,0,0,0,6.58994,0,11.1585,0,0
1.16454,10.6897,0,0,0,6.67092,0,11.238,0,0
1.16664,10.7584,0,0,0,6.74016,0,11.3066,0,0
1.16874,10.8363,0,0,0,6.822,0,11.3839,0,0
1.17084,10.9055,0,0,0,6.89204,0,11.4528,0,0
1.17329,10.99,0,0,0,6.97869,0,11.537,0,0
1.1754,11.0615,0,0,0,7.05246,0,11.6081,0,0
1.17715,11.1224,0,0,0,7.11663,0,11.6683,0,0
1.1789,11.188,0,0,0,7.18502,0,11.7335,0,0
1.1803,11.2452,0,0,0,7.2452,0,11.7901,0,0
1.18205,11.3223,0,0,0,7.32503,0,11.8668,0,0
1.1838,11.4032,0,0,0,7.40762,0,11.9474,0,0
1.1859,11.4877,0,0,0,7.49294,0,12.0319,0,0
1.188,11.563,0,0,0,7.56864,0,12.1069,0,0
1.1901,11.6334,0,0,0,7.6418,0,12.177,0,0
1.1922,11.7097,0,0,0,7.72143,0,12.2527,0,0
1.1943,11.7839,0,0,0,7.79699,0,12.3268,0,0
1.19675,11.8652,0,0,0,7.87959,0,12.4077,0,0
1.19885,11.9353,0,0,0,7.95139,0,12.4773,0,0
1.20095,11.9967,0,0,0,8.01494,0,12.5386,0,0
1.20305,12.0745,0,0,0,8.09779,0,12.6155,0,0
1.20515,12.1437,0,0,0,8.16627,0,12.6847,0,0
1.2076,12.225,0,0,0,8.24945,0,12.7657,0,0
1.2097,12.2775,0,0,0,8.30418,0,12.8179,0,0
1.2118,12.3355,0,0,0,8.36528,0,12.8753,0,0
1.2139,12.4021,0,0,0,8.43443,0,12.9413,0,0
1.216,12.4681,0,0,0,8.50247,0,13.0071,0,0
1.2181,12.5389,0,0,0,8.57674,0,13.0775,0,0
1.2195,12.5887,0,0,0,8.62891,0,13.1268,0,0
1.2209,12.6464,0,0,0,8.69061,0,13.1838,0,0
1.22301,12.7288,0,0,0,8.7741,0,13.2661,0,0
1.22476,12.7998,0,0,0,8.8478,0,13.3366,0,0
1.22686,12.8775,0,0,0,8.92668,0,13.4142,0,0
1.22896,12.9455,0,0,0,8.99641,0,13.4819,0,0
1.23106,13.0111,0,0,0,9.06435,0,13.5472,0,0
1.23351,13.0836,0,0,0,9.1392,0,13.6194,0,0
1.23561,13.1444,0,0,0,9.20216,0,13.6798,0,0
1.23771,13.2043,0,0,0,9.26412,0,13.7394,0,0
1.23981,13.27,0,0,0,9.33188,0,13.8043,0,0
1.24226,13.3495,0,0,0,9.41396,0,13.8837,0,0
1.24436,13.4209,0,0,0,9.48764,0,13.9547,0,0
1.24646,13.4891,0,0,0,9.55629,0,14.0228,0,0
1.24891,13.5625,0,0,0,9.6309,0,14.0959,0,0
1.25101,13.6202,0,0,0,9.68966,0,14.1533,0,0
1.25311,13.674,0,0,0,9.74686,0,14.2066,0,0
1.25521,13.7302,0,0,0,9.80601,0,14.2625,0,0
1.25731,13.7898,0,0,0,9.8674,0,14.3216,0,0
1.25906,13.8476,0,0,0,9.92801,0,14.3788,0,0
1.26046,13.8921,0,0,0,9.97508,0,14.4231,0,0
1.26221,13.9572,0,0,0,10.044,0,14.4877,0,0
1.26431,14.0274,0,0,0,10.1148,0,14.5578,0,0
1.26641,14.0934,0,0,0,10.1829,0,14.6233,0,0
1.26851,14.1558,0,0,0,10.2468,0,14.6856,0,0
1.27061,14.2197,0,0,0,10.3134,0,14.749,0,0
1.27271,14.2831,0,0,0,10.3782,0,14.8122,0,0
1.27481,14.3468,0,0,0,10.4443,0,14.8755,0,0
1.27727,14.4171,0,0,0,10.5155,0,14.9457,0,0
1.27937,14.4754,0,0,0,10.5754,0,15.0036,0,0
1.28182,14.5475,0,0,0,10.6488,0,15.0755,0,0
1.28392,14.6094,0,0,0,10.7117,0,15.1371,0,0
1.28602,14.6792,0,0,0,10.7836,0,15.2065,0,0
1.28847,14.755,0,0,0,10.8589,0,15.2825,0,0
1.29057,14.8146,0,0,0,10.9189,0,15.3419,0,0
1.29267,14.8695,0,0,0,10.9753,0,15.3967,0,0
1.29512,14.9327,0,0,0,11.0412,0,15.4594,0,0
1.29722,14.9836,0,0,0,11.0925,0,15.5101,0,0
1.29862,15.0238,0,0,0,11.1349,0,15.5498,0,0
1.30037,15.0857,0,0,0,11.1995,0,15.6114,0,0
1.30212,15.1456,0,0,0,11.2613,0,15.6709,0,0
1.30387,15.2108,0,0,0,11.3277,0,15.7359,0,0
1.30597,15.288,0,0,0,11.4055,0,15.8131,0,0
1.30807,15.361,0,0,0,11.478,0,15.886,0,0
1.31017,15.4282,0,0,0,11.5451,0,15.9532,0,0
1.31262,15.5043,0,0,0,11.6213,0,16.0291,0,0
1.31472,15.5657,0,0,0,11.6829,0,16.0906,0,0
1.31682,15.6282,0,0,0,11.7459,0,16.1529,0,0
1.31928,15.6988,0,0,0,11.8161,0,16.2235,0,0
1.32138,15.7612,0,0,0,11.879,0,16.2856,0,0
1.32383,15.8334,0,0,0,11.9505,0,16.358,0,0
1.32593,15.8982,0,0,0,12.0158,0,16.4224,0,0
1.32803,15.9667,0,0,0,12.0836,0,16.491,0,0
1.33048,16.0456,0,0,0,12.1623,0,16.57,0,0
1.33258,16.1081,0,0,0,12.2233,0,16.6325,0,0
1.33468,16.1679,0,0,0,12.2835,0,16.6923,0,0
1.33678,16.2248,0,0,0,12.3408,0,16.7491,0,0
1.33853,16.2739,0,0,0,12.3901,0,16.7981,0,0
1.34028,16.3305,0,0,0,12.4477,0,16.8544,0,0
1.34168,16.3774,0,0,0,12.4945,0,16.9011,0,0
1.34378,16.4515,0,0,0,12.5702,0,16.9751,0,0
1.34588,16.5234,0,0,0,12.6408,0,17.0471,0,0
1.34798,16.5918,0,0,0,12.7089,0,17.1154,0,0
1.35008,16.6583,0,0,0,12.7748,0,17.182,0,0
1.35218,16.7229,0,0,0,12.8391,0,17.2466,0,0
1.35463,16.7985,0,0,0,12.9141,0,17.3223,0,0
1.35673,16.856,0,0,0,12.9705,0,17.3797,0,0
1.35918,16.9293,0,0,0,13.0436,0,17.4531,0,0
1.36128,16.9945,0,0,0,13.1074,0,17.5182,0,0
1.36373,17.0743,0,0,0,13.1864,0,17.5982,0,0
1.36583,17.1429,0,0,0,13.2534,0,17.6669,0,0
1.36828,17.2258,0,0,0,13.335,0,17.7499,0,0
1.37039,17.2935,0,0,0,13.4005,0,17.8177,0,0
1.37249,17.3561,0,0,0,13.4621,0,17.8804,0,0
1.37494,17.4301,0,0,0,13.535,0,17.9546,0,0
1.37704,17.4899,0,0,0,13.5929,0,18.0144,0,0
1.37879,17.5434,0,0,0,13.6459,0,18.0679,0,0
1.38019,17.5901,0,0,0,13.6921,0,18.1145,0,0
1.38194,17.6562,0,0,0,13.7586,0,18.1806,0,0
1.38369,17.7239,0,0,0,13.8251,0,18.2485,0,0
1.38579,17.8042,0,0,0,13.9043,0,18.3289,0,0
1.38789,17.8805,0,0,0,13.9787,0,18.4053,0,0
1.39034,17.9646,0,0,0,14.0612,0,18.4898,0,0
1.39244,18.0335,0,0,0,14.1279,0,18.5587,0,0
1.39489,18.1119,0,0,0,14.2044,0,18.6374,0,0
1.39699,18.178,0,0,0,14.2682,0,18.7036,0,0
1.39944,18.2588,0,0,0,14.3474,0,18.7845,0,0
1.40154,18.3284,0,0,0,14.415,0,18.8543,0,0
1.40399,18.4131,0,0,0,14.4973,0,18.9393,0,0
1.40609,18.483,0,0,0,14.565,0,19.0094,0,0
1.40819,18.558,0,0,0,14.6382,0,19.0846,0,0
1.41064,18.6423,0,0,0,14.72,0,19.1692,0,0
1.41274,18.7103,0,0,0,14.7851,0,19.2375,0,0
1.41484,18.7783,0,0,0,14.8513,0,19.3057,0,0
1.41694,18.8488,0,0,0,14.9201,0,19.3763,0,0
1.41869,18.9091,0,0,0,14.9784,0,19.4367,0,0
1.42045,18.9735,0,0,0,15.0416,0,19.5012,0,0
1.42185,19.0273,0,0,0,15.0936,0,19.5551,0,0
1.42395,19.1143,0,0,0,15.18,0,19.6424,0,0
1.42605,19.1978,0,0,0,15.2602,0,19.7261,0,0
1.42815,19.2758,0,0,0,15.3355,0,19.8044,0,0
1.43025,19.3515,0,0,0,15.4092,0,19.8803,0,0
1.43235,19.4266,0,0,0,15.4819,0,19.9556,0,0
1.4348,19.5141,0,0,0,15.5672,0,20.0434,0,0
1.4369,19.5866,0,0,0,15.6365,0,20.1162,0,0
1.43935,19.6706,0,0,0,15.7182,0,20.2005,0,0
1.44145,19.7408,0,0,0,15.7857,0,20.2709,0,0
1.44355,19.8124,0,0,0,15.8548,0,20.3429,0,0
1.446,19.8973,0,0,0,15.9378,0,20.428,0,0
1.4481,19.9719,0,0,0,16.0091,0,20.5029,0,0
1.4502,20.0462,0,0,0,16.0807,0,20.5774,0,0
1.45265,20.1313,0,0,0,16.1628,0,20.6629,0,0
1.45475,20.2005,0,0,0,16.2291,0,20.7324,0,0
1.45685,20.2733,0,0,0,16.2999,0,20.8054,0,0
1.4586,20.3343,0,0,0,16.3582,0,20.8666,0,0
1.46,20.3851,0,0,0,16.4072,0,20.9176,0,0
1.46175,20.4566,0,0,0,16.4779,0,20.9892,0,0
1.46351,20.53,0,0,0,16.5491,0,21.0628,0,0
1.46561,20.6199,0,0,0,16.6367,0,21.153,0,0
1.46771,20.7043,0,0,0,16.718,0,21.2377,0,0
1.46981,20.7853,0,0,0,16.7966,0,21.3191,0,0
1.47226,20.8759,0,0,0,16.8843,0,21.41,0,0
1.47436,20.9482,0,0,0,16.9535,0,21.4826,0,0
1.47646,21.0221,0,0,0,17.0254,0,21.5568,0,0
1.47891,21.1104,0,0,0,17.1113,0,21.6454,0,0
1.48101,21.1844,0,0,0,17.1816,0,21.7197,0,0
1.48311,21.2577,0,0,0,17.2526,0,21.7933,0,0
1.48556,21.3455,0,0,0,17.3382,0,21.8814,0,0
1.48766,21.4204,0,0,0,17.4094,0,21.9566,0,0
1.48976,21.4954,0,0,0,17.482,0,22.0319,0,0
1.49221,21.583,0,0,0,17.5667,0,22.1199,0,0
1.49431,21.6545,0,0,0,17.6348,0,22.1917,0,0
1.49641,21.728,0,0,0,17.7062,0,22.2654,0,0
1.49816,21.7904,0,0,0,17.7661,0,22.3281,0,0
1.49991,21.8571,0,0,0,17.8311,0,22.395,0,0
1.50131,21.9122,0,0,0,17.8838,0,22.4502,0,0
1.50306,21.9863,0,0,0,17.9569,0,22.5246,0,0
1.50516,22.0781,0,0,0,18.0464,0,22.6165,0,0
1.50726,22.1673,0,0,0,18.1327,0,22.7061,0,0
1.50936,22.2535,0,0,0,18.2163,0,22.7926,0,0
1.51146,22.3354,0,0,0,18.2956,0,22.8749,0,0
1.51356,22.4142,0,0,0,18.3719,0,22.9539,0,0
1.51602,22.5054,0,0,0,18.4606,0,23.0455,0,0
1.51812,22.5799,0,0,0,18.5319,0,23.1203,0,0
1.52022,22.6548,0,0,0,18.6046,0,23.1955,0,0
1.52267,22.7425,0,0,0,18.6898,0,23.2835,0,0
1.52477,22.8158,0,0,0,18.7599,0,23.3571,0,0
1.52687,22.892,0,0,0,18.834,0,23.4336,0,0
1.52932,22.9817,0,0,0,18.9212,0,23.5236,0,0
1.53142,23.0563,0,0,0,18.992,0,23.5986,0,0
1.53352,23.1303,0,0,0,19.0639,0,23.6729,0,0
1.53562,23.2059,0,0,0,19.1371,0,23.7487,0,0
1.53772,23.2827,0,0,0,19.2115,0,23.8258,0,0
1.53947,23.3471,0,0,0,19.2734,0,23.8905,0,0
1.54087,23.4006,0,0,0,19.325,0,23.9442,0,0
1.54262,23.4732,0,0,0,19.3967,0,24.0169,0,0
1.54437,23.5476,0,0,0,19.4689,0,24.0915,0,0
1.54647,23.6385,0,0,0,19.5578,0,24.1827,0,0
1.54857,23.7265,0,0,0,19.643,0,24.271,0,0
1.55067,23.8107,0,0,0,19.7248,0,24.3555,0,0
1.55312,23.9064,0,0,0,19.8183,0,24.4515,0,0
1.55522,23.9836,0,0,0,19.8924,0,24.529,0,0
1.55767,24.0733,0,0,0,19.9801,0,24.6189,0,0
1.55977,24.1471,0,0,0,20.0509,0,24.693,0,0
1.56187,24.222,0,0,0,20.1241,0,24.7682,0,0
1.56433,24.3138,0,0,0,20.2136,0,24.8602,0,0
1.56643,24.3895,0,0,0,20.2863,0,24.9363,0,0
1.56853,24.4685,0,0,0,20.3635,0,25.0154,0,0
1.57098,24.5602,0,0,0,20.453,0,25.1075,0,0
1.57308,24.6353,0,0,0,20.5248,0,25.1829,0,0
1.57518,24.7098,0,0,0,20.5973,0,25.2576,0,0
1.57728,24.7852,0,0,0,20.6709,0,25.3333,0,0
1.57903,24.8495,0,0,0,20.7329,0,25.3977,0,0
1.58043,24.9029,0,0.088986,0,20.7845,0,25.4513,0,0
1.58218,24.9753,0,0.0952826,0,20.8563,0,25.5238,0,0
1.58393,25.05,0,0.145618,0,20.929,0,25.5987,0,0
1.58603,25.1406,0,0.215536,0,21.0179,0,25.6895,0,0
1.58813,25.2283,0,0.228958,0,21.1032,0,25.7775,0,0
1.59023,25.313,0,0.326192,0,21.1859,0,25.8625,0,0
1.59233,25.3958,0,0.344032,0,21.2668,0,25.9455,0,0
1.59478,25.4904,0,0.424778,0,21.3595,0,26.0404,0,0
1.59688,25.5683,0,0.457127,0,21.4348,0,26.1185,0,0
1.59933,25.6587,0,0.495102,0,21.5235,0,26.2092,0.0751939,0
1.60143,25.7329,0,0.562973,0,21.5951,0,26.2837,0.0962787,0
1.60353,25.8097,0,0.588215,0,21.6703,0,26.3606,0.151148,0
1.60598,25.8997,0,0.66455,0,21.7583,0,26.4509,0.231532,0
1.60809,25.9744,0.0854801,0.688892,0,21.8304,0,26.5259,0.289692,0
1.61019,26.0502,0.114958,0.755598,0,21.9047,0,26.6019,0.361422,0
1.61264,26.1413,0.217159,0.797195,0,21.994,0,26.6932,0.415738,0
1.61474,26.2164,0.27456,0.83317,0,22.0663,0,26.7686,0.468681,0
1.61684,26.291,0.381262,0.8988,0,22.1393,0,26.8435,0.527501,0
1.61859,26.354,0.424613,0.93053,0,22.2004,0,26.9066,0.578319,0
1.61999,26.4061,0.521762,0.997712,0,22.2511,0,26.9588,0.639286,0
1.62174,26.4773,0.556921,1.03421,0,22.3221,0,27.03,0.689695,0
1.62349,26.5517,0.617017,1.09606,0,22.3948,0,27.1046,0.747334,0
1.62559,26.6426,0.680414,1.14465,0,22.4844,0,27.1956,0.803234,0
1.62769,26.7311,0.736939,1.18248,0,22.5708,0,27.2845,0.857446,0
1.62979,26.8161,0.812503,1.24938,0,22.6541,0,27.3696,0.916938,0
1.63189,26.8989,0.858657,1.28768,0,22.7353,0,27.4527,0.96988,0
1.63434,26.9938,0.941137,1.35806,0,22.8288,0,27.5478,1.03672,0
1.63644,27.0722,0.985161,1.39534,0,22.905,0,27.6265,1.08588,0
1.63854,27.15,1.04504,1.45486,0,22.9813,0,27.7044,1.1433,0
1.64099,27.2408,1.10763,1.50721,0,23.0707,0,27.7954,1.20235,0
1.64309,27.3174,1.16014,1.54801,0,23.145,0,27.8722,1.25237,0
1.64519,27.3936,1.2295,1.61048,0,23.2198,0,27.9486,1.31382,0
1.64764,27.4829,1.28044,1.65344,0,23.3077,0,28.0382,1.36525,0
1.64974,27.558,1.3496,1.71905,0,23.3805,0,28.1135,1.4279,0
1.65219,27.6484,1.40374,1.7629,0,23.4699,0,28.2041,1.48263,0
1.65429,27.724,1.46026,1.81767,0,23.5431,0,28.2799,1.53706,0
1.65639,27.7992,1.51899,1.86786,0,23.617,0,28.3553,1.59335,0
1.65814,27.8616,1.56925,1.90603,0,23.6778,0,28.4179,1.64198,0
1.65989,27.9262,1.63537,1.96982,0,23.7416,0,28.4826,1.703,0
1.6613,27.9796,1.68342,2.0089,0,23.7937,0,28.5361,1.75039,0
1.66305,28.0512,1.75353,2.07742,0,23.8651,0,28.6077,1.81648,0
1.66515,28.1415,1.81009,2.12398,0,23.9543,0,28.6981,1.87291,0
1.66725,28.2311,1.86987,2.18394,0,24.0421,0,28.7879,1.93127,0
1.66935,28.3182,1.9303,2.23617,0,24.1277,0,28.8752,1.99031,0
1.67145,28.4024,1.98443,2.28301,0,24.2106,0,28.9597,2.04278,0
1.6739,28.4976,2.0541,2.3507,0,24.3047,0,29.055,2.10971,0
1.676,28.5762,2.1044,2.39314,0,24.3814,0,29.1338,2.15882,0
1.6781,28.6535,2.16984,2.45745,0,24.4577,0,29.2113,2.22216,0
1.68055,28.7446,2.22853,2.50747,0,24.5477,0,29.3025,2.27969,0
1.68265,28.8207,2.28625,2.56373,0,24.6217,0,29.3788,2.33622,0
1.68475,28.8971,2.34397,2.61525,0,24.6971,0,29.4554,2.39291,0
1.6872,28.9863,2.40164,2.66367,0,24.7851,0,29.5448,2.4494,0
1.6893,29.0615,2.46518,2.72805,0,24.8583,0,29.6202,2.5111,0
1.6914,29.1383,2.51774,2.77296,0,24.9341,0,29.6971,2.56259,0
1.69385,29.228,2.58081,2.83588,0,25.0225,0,29.787,2.62364,0
1.69595,29.3022,2.63391,2.88134,0,25.095,0,29.8615,2.67558,0
1.6977,29.364,2.68849,2.93386,0,25.1555,0,29.9233,2.72896,0
1.69945,29.4281,2.74738,2.98617,0,25.2191,0,29.9875,2.78778,0
1.70085,29.4811,2.79483,3.02811,0,25.2708,0,30.0406,2.83392,0
1.7026,29.5515,2.86062,3.09249,0,25.3412,0,30.1111,2.89864,0
1.7047,29.6396,2.91818,3.14428,0,25.4284,0,30.1993,2.95494,0
1.7068,29.7274,2.98261,3.20866,0,25.5147,0,30.2873,3.01847,0
1.70891,29.814,3.04058,3.26,0,25.6001,0,30.374,3.07521,0
1.71101,29.8985,3.10075,3.31897,0,25.6835,0,30.4587,3.13485,0
1.71311,29.9811,3.1628,3.37628,0,25.7651,0,30.5415,3.19648,0
1.71556,30.0764,3.2216,3.42835,0,25.8594,0,30.6369,3.25425,0
1.71766,30.1544,3.28412,3.4909,0,25.9357,0,30.7151,3.31591,0
1.71976,30.2321,3.33783,3.53932,0,26.0125,0,30.7929,3.36848,0
1.72221,30.3227,3.40472,3.60584,0,26.1023,0,30.8837,3.43454,0
1.72431,30.3993,3.45953,3.65429,0,26.1772,0,30.9605,3.48872,0
1.72641,30.4761,3.51976,3.71354,0,26.2529,0,31.0374,3.54774,0
1.72886,30.5673,3.58541,3.77496,0,26.3434,0,31.1287,3.61352,0
1.73096,30.6448,3.6364,3.8214,0,26.4191,0,31.2064,3.66348,0
1.73306,30.7216,3.6972,3.88043,0,26.495,0,31.2834,3.72368,0
1.73516,30.7976,3.75031,3.92898,0,26.5699,0,31.3595,3.77551,0
1.73726,30.8733,3.81112,3.98785,0,26.6446,0,31.4353,3.83603,0
1.73901,30.9366,3.86343,4.03585,0,26.7067,0,31.4988,3.88769,0
1.74041,30.9885,3.91247,4.08371,0,26.7577,0,31.5507,3.93573,0
1.74216,31.0568,3.97653,4.14423,0,26.8261,0,31.6191,3.99947,0
1.74426,31.1428,4.0354,4.19918,0,26.9114,0,31.7052,4.05769,0
1.74636,31.2295,4.10254,4.2653,0,26.9967,0,31.792,4.12457,0
1.74846,31.3159,4.15842,4.31764,0,27.0821,0,31.8786,4.17957,0
1.75056,31.4006,4.2214,4.38014,0,27.1658,0,31.9634,4.24195,0
1.75267,31.4837,4.28148,4.43552,0,27.248,0,32.0466,4.30157,0
1.75477,31.5656,4.33915,4.49161,0,27.329,0,32.1287,4.35826,0
1.75722,31.66,4.40832,4.5577,0,27.4227,0,32.2232,4.42751,0
1.75932,31.7389,4.4606,4.60601,0,27.5,0,32.3024,4.47895,0
1.76142,31.8171,4.52619,4.67026,0,27.5774,0,32.3807,4.54421,0
1.76387,31.9092,4.58604,4.72606,0,27.6688,0,32.4729,4.60356,0
1.76597,31.9861,4.64127,4.78097,0,27.7441,0,32.5499,4.65813,0
1.76807,32.0621,4.69998,4.8363,0,27.8194,0,32.6261,4.71645,0
1.77052,32.1517,4.76299,4.89682,0,27.9082,0,32.7159,4.7785,0
1.77262,32.228,4.82308,4.95523,0,27.9829,0,32.7923,4.83846,0
1.77472,32.3052,4.87704,5.00546,0,28.0594,0,32.8696,4.89191,0
1.77682,32.3821,4.93983,5.06712,0,28.1354,0,32.9467,4.95419,0
1.77857,32.4463,4.98973,5.11367,0,28.1985,0,33.0111,5.00379,0
1.77997,32.4986,5.03956,5.16297,0,28.25,0,33.0635,5.0531,0
1.78172,32.5671,5.10141,5.22235,0,28.3187,0,33.132,5.11462,0
1.78347,32.6382,5.15595,5.27455,0,28.3889,0,33.2031,5.16849,0
1.78557,32.7259,5.22534,5.34196,0,28.4761,0,33.2909,5.23787,0
1.78767,32.8139,5.28326,5.39692,0,28.5629,0,33.379,5.29541,0
1.78977,32.9004,5.34805,5.46086,0,28.6485,0,33.4657,5.3599,0
1.79187,32.9854,5.40612,5.51605,0,28.7326,0,33.5508,5.41763,0
1.79397,33.0686,5.46763,5.57699,0,28.8151,0,33.6342,5.47854,0
1.79642,33.1645,5.53526,5.64232,0,28.9104,0,33.7302,5.54599,0
1.79852,33.2445,5.58914,5.69364,0,28.9889,0,33.8104,5.59936,0
1.80062,33.3232,5.65283,5.75624,0,29.067,0,33.8892,5.66273,0
1.80307,33.4154,5.71756,5.81775,0,29.1585,0,33.9815,5.72703,0
1.80518,33.4934,5.7765,5.87652,0,29.2351,0,34.0598,5.7856,0
1.80728,33.5719,5.83418,5.93088,0,29.3129,0,34.1384,5.84323,0
1.80973,33.6638,5.8991,5.99498,0,29.4041,0,34.2304,5.90753,0
1.81183,33.7413,5.95876,6.05186,0,29.4801,0,34.3081,5.96713,0
1.81393,33.819,6.01116,6.10233,0,29.5572,0,34.3859,6.0191,0
1.81603,33.8958,6.07391,6.16407,0,29.6332,0,34.4629,6.08162,0
1.81813,33.9734,6.1316,6.21962,0,29.7099,0,34.5406,6.13876,0
1.81953,34.025,6.17734,6.26476,0,29.76,0,34.5923,6.18437,0
1.82128,34.0924,6.23791,6.32256,0,29.828,0,34.6598,6.2448,0
1.82268,34.1474,6.28711,6.37112,0,29.8817,0,34.7148,6.29327,0
1.82478,34.2342,6.35856,6.44084,0,29.969,0,34.8017,6.36488,0
1.82688,34.3227,6.4179,6.4979,0,30.0561,0,34.8903,6.42399,0
1.82898,34.4107,6.48401,6.56315,0,30.1431,0,34.9784,6.48979,0
1.83108,34.4973,6.54409,6.62156,0,30.229,0,35.0652,6.54944,0
1.83318,34.5824,6.60833,6.68461,0,30.3134,0,35.1504,6.61345,0
1.83563,34.6805,6.67708,6.75138,0,30.411,0,35.2486,6.6821,0
1.83773,34.7624,6.73242,6.80515,0,30.4915,0,35.3307,6.73705,0
1.83983,34.8428,6.7955,6.86674,0,30.5714,0,35.4113,6.8001,0
1.84228,34.9362,6.85982,6.9294,0,30.6643,0,35.5049,6.86407,0
1.84438,35.0147,6.91975,6.98898,0,30.7413,0,35.5835,6.92375,0
1.84648,35.0935,6.98419,7.04992,0,30.8195,0,35.6624,6.98781,0
1.84894,35.1866,7.04999,7.11594,0,30.9121,0,35.7556,7.05344,0
1.85103,35.266,7.10629,7.17083,0,30.99,0,35.8352,7.10965,0
1.85314,35.3455,7.16295,7.22621,0,31.0689,0,35.9148,7.16583,0
1.85524,35.4241,7.22336,7.28563,0,31.1468,0,35.9936,7.22623,0
1.85734,35.5026,7.28202,7.34222,0,31.2246,0,36.0722,7.28468,0
1.85909,35.5679,7.33777,7.39719,0,31.2889,0,36.1377,7.34024,0
1.86049,35.6208,7.38816,7.44583,0,31.3411,0,36.1906,7.39056,0
1.86224,35.6899,7.44736,7.50498,0,31.4105,0,36.2598,7.44912,0
1.86399,35.7614,7.50622,7.56239,0,31.4811,0,36.3313,7.50803,0
1.86609,35.8499,7.57006,7.62484,0,31.5692,0,36.42,7.57166,0
1.86819,35.9383,7.63632,7.69004,0,31.6565,0,36.5085,7.6379,0
1.87029,36.0259,7.69717,7.74957,0,31.7433,0,36.5962,7.69852,0
1.87239,36.1119,7.7613,7.81274,0,31.8287,0,36.6824,7.76249,0
1.87449,36.1966,7.82301,7.87293,0,31.9127,0,36.7672,7.82417,0
1.87694,36.2943,7.89138,7.94087,0,32.0099,0,36.865,7.89202,0
1.87904,36.3758,7.9519,7.99997,0,32.0901,0,36.9467,7.95264,0
1.88114,36.4569,8.01334,8.05965,0,32.1707,0,37.0279,8.01385,0
1.88359,36.5513,8.08461,8.13068,0,32.2647,0,37.1225,8.08491,0
1.88569,36.6315,8.14056,8.18529,0,32.3436,0,37.2029,8.14072,0
1.88779,36.7118,8.20237,8.24655,0,32.4233,0,37.2833,8.20222,0
1.89024,36.8055,8.27419,8.31659,0,32.5166,0,37.3772,8.2739,0
1.89234,36.8854,8.3286,8.37049,0,32.5951,0,37.4572,8.32814,0
1.89444,36.965,8.38758,8.42892,0,32.6742,0,37.537,8.38719,0
1.89655,37.0442,8.44709,8.48662,0,32.7527,0,37.6163,8.44654,0
1.8983,37.1097,8.50028,8.53972,0,32.8172,0,37.6819,8.49958,0
1.8997,37.1627,8.54695,8.5851,0,32.8696,0,37.735,8.5462,0
1.90145,37.2313,8.60872,8.64671,0,32.9385,0,37.8037,8.60745,0
1.9032,37.3018,8.66851,8.70504,0,33.0082,0,37.8742,8.66742,0
1.9053,37.3894,8.73447,8.77,0,33.0954,0,37.9619,8.73322,0
1.9074,37.4776,8.80158,8.83632,0,33.1826,0,38.0502,8.80032,0
1.9095,37.5655,8.864,8.89784,0,33.2698,0,38.1383,8.86257,0
1.9116,37.6524,8.92937,8.9625,0,33.356,0,38.2253,8.92783,0
1.9137,37.7381,8.99243,9.02421,0,33.4411,0,38.3111,8.99096,0
1.9158,37.8229,9.05441,9.0861,0,33.5253,0,38.396,9.0525,0
1.91825,37.9208,9.12772,9.15834,0,33.6228,0,38.4941,9.12581,0
1.92035,38.0032,9.1849,9.2144,0,33.704,0,38.5767,9.18299,0
1.92245,38.0849,9.24888,9.27784,0,33.7853,0,38.6585,9.2468,0
1.92455,38.1663,9.31238,9.34025,0,33.866,0,38.74,9.31012,0
1.927,38.2617,9.38202,9.40989,0,33.961,0,38.8356,9.37964,0
1.9291,38.3428,9.44112,9.46786,0,34.0408,0,38.9168,9.4387,0
1.9312,38.424,9.50305,9.52882,0,34.1215,0,38.9982,9.50047,0
1.93365,38.5185,9.57525,9.6002,0,34.2156,0,39.0928,9.57271,0
1.93575,38.5989,9.63012,9.65457,0,34.2948,0,39.1733,9.62764,0
1.9375,38.6654,9.68253,9.70682,0,34.3607,0,39.24,9.67994,0
1.93925,38.7325,9.7383,9.76143,0,34.4276,0,39.3072,9.73567,0
1.94065,38.7865,9.7846,9.80791,0,34.4807,0,39.3612,9.78177,0
1.9424,38.8563,9.84741,9.86961,0,34.5507,0,39.4311,9.84459,0
1.94415,38.9278,9.90646,9.92796,0,34.6215,0,39.5027,9.90353,0
1.94625,39.016,9.97844,9.99917,0,34.7094,0,39.591,9.97543,0
1.94835,39.1051,10.0436,10.0637,0,34.7976,0,39.6802,10.0405,0
1.95046,39.1941,10.1102,10.13,0,34.8859,0,39.7693,10.1069,0
1.95291,39.2967,10.1847,10.2033,0,34.9882,0,39.8721,10.1815,0
1.95501,39.3826,10.2452,10.2637,0,35.0729,0,39.9581,10.2418,0
1.95711,39.4671,10.3102,10.3277,0,35.1572,0,40.0428,10.3069,0
1.95956,39.5641,10.3821,10.3989,0,35.2541,0,40.1399,10.3786,0
1.96166,39.646,10.4439,10.4604,0,35.3348,0,40.222,10.4404,0
1.96376,39.7279,10.5062,10.5221,0,35.4163,0,40.304,10.5026,0
1.96586,39.8098,10.5713,10.587,0,35.4976,0,40.386,10.5675,0
1.96831,39.9057,10.6442,10.659,0,35.5932,0,40.482,10.6404,0
1.97041,39.9875,10.7027,10.7171,0,35.6738,0,40.564,10.6989,0
1.97251,40.0693,10.7667,10.7804,0,35.7553,0,40.646,10.7629,0
1.97461,40.1509,10.8287,10.8417,0,35.8363,0,40.7277,10.825,0
1.97671,40.2325,10.8904,10.9035,0,35.9174,0,40.8094,10.8866,0
1.97846,40.3004,10.9435,10.9559,0,35.9844,0,40.8774,10.9397,0
1.98021,40.3689,11.0007,11.0132,0,36.0528,0,40.9461,10.9967,0
1.98161,40.4239,11.0471,11.0593,0,36.107,0,41.0012,11.0432,0
1.98336,40.4949,11.1099,11.1214,0,36.1783,0,41.0722,11.1059,0
1.98546,40.5821,11.1833,11.1939,0,36.2651,0,41.1595,11.1793,0
1.98756,40.6708,11.2497,11.2598,0,36.3528,0,41.2483,11.2456,0
1.98966,40.7598,11.3166,11.3265,0,36.4413,0,41.3375,11.3124,0
1.99176,40.848,11.3826,11.3917,0,36.5289,0,41.4258,11.3786,0
1.99387,40.9352,11.4479,11.4569,0,36.6156,0,41.5132,11.4437,0
1.99632,41.0359,11.5247,11.5328,0,36.716,0,41.6139,11.5205,0
1.99842,41.1206,11.5853,11.5932,0,36.7997,0,41.6988,11.5812,0
2.00052,41.2047,11.652,11.6597,0,36.8836,0,41.7831,11.6477,0
2.00297,41.3025,11.7305,11.7377,0,36.9811,0,41.881,11.7262,0
2.00507,41.3858,11.7923,11.7995,0,37.0633,0,41.9645,11.788,0
2.00717,41.4696,11.8568,11.8632,0,37.1469,0,42.0484,11.8526,0
2.00927,41.5533,11.9188,11.925,0,37.23,0,42.1322,11.9145,0
2.01172,41.6505,11.9931,11.9985,0,37.3269,0,42.2296,11.9887,0
2.01382,41.7327,12.0535,12.0586,0,37.408,0,42.3119,12.0493,0
2.01592,41.8144,12.1152,12.1203,0,37.4895,0,42.3938,12.1109,0
2.01767,41.882,12.1671,12.1717,0,37.5563,0,42.4615,12.1629,0
2.01942,41.95,12.2237,12.2283,0,37.6242,0,42.5296,12.2193,0
2.02082,42.0044,12.2697,12.2742,0,37.6779,0,42.5841,12.2655,0
2.02257,42.0745,12.3326,12.3365,0,37.7484,0,42.6543,12.3283,0
2.02432,42.1459,12.3942,12.398,0,37.8191,0,42.7258,12.39,0
2.02642,42.2342,12.4668,12.4697,0,37.9071,0,42.8141,12.4624,0
2.02852,42.3235,12.5354,12.5382,0,37.9956,0,42.9035,12.531,0
2.03062,42.4128,12.6032,12.6054,0,38.0844,0,42.993,12.5989,0
2.03307,42.5163,12.6804,12.6822,0,38.1876,0,43.0966,12.6759,0
2.03517,42.603,12.7441,12.7456,0,38.2734,0,43.1835,12.7398,0
2.03727,42.6886,12.8091,12.8103,0,38.3589,0,43.2693,12.8048,0
2.03937,42.7732,12.8759,12.8771,0,38.4431,0,43.354,12.8714,0
2.04183,42.8717,12.9541,12.9547,0,38.5414,0,43.4526,12.9496,0
2.04393,42.9554,13.016,13.0168,0,38.624,0,43.5365,13.0114,0
2.04603,43.0393,13.0817,13.0821,0,38.7076,0,43.6205,13.0772,0
2.04848,43.137,13.1583,13.1582,0,38.8051,0,43.7184,13.1536,0
2.05058,43.2199,13.2205,13.2202,0,38.887,0,43.8014,13.2159,0
2.05268,43.3029,13.2846,13.2837,0,38.9698,0,43.8846,13.28,0
2.05478,43.3855,13.347,13.3462,0,39.052,0,43.9673,13.3424,0
2.05688,43.4679,13.4116,13.4102,0,39.1339,0,44.0499,13.407,0
2.05863,43.5361,13.4642,13.463,0,39.2013,0,44.1181,13.4596,0
2.06003,43.5907,13.5092,13.508,0,39.2555,0,44.1729,13.5046,0
2.06178,43.6604,13.5721,13.5705,0,39.3256,0,44.2426,13.5675,0
2.06353,43.731,13.6335,13.6318,0,39.3956,0,44.3134,13.6289,0
2.06563,43.8183,13.7073,13.705,0,39.4827,0,44.4008,13.7026,0
2.06773,43.9069,13.7768,13.7744,0,39.5705,0,44.4894,13.7721,0
2.06983,43.9959,13.8456,13.8427,0,39.6589,0,44.5785,13.841,0
2.07193,44.0845,13.9132,13.9101,0,39.7471,0,44.6673,13.9085,0
2.07403,44.1722,13.982,13.9786,0,39.8344,0,44.7551,13.9773,0
2.07613,44.2592,14.0497,14.0459,0,39.9211,0,44.8423,14.045,0
2.07858,44.3602,14.1293,14.1253,0,40.0219,0,44.9435,14.1245,0
2.08068,44.4457,14.1931,14.1889,0,40.1064,0,45.029,14.1882,0
2.08278,44.531,14.2594,14.2558,0,40.1916,0,45.1146,14.2545,0
2.08523,44.6301,14.3416,14.3374,0,40.2905,0,45.2138,14.3367,0
2.08733,44.7144,14.4062,14.4017,0,40.3738,0,45.2983,14.4013,0
2.08944,44.7993,14.4717,14.4666,0,40.4585,0,45.3832,14.4668,0
2.09154,44.8839,14.5368,14.5314,0,40.5427,0,45.468,14.5319,0
2.09399,44.9822,14.615,14.6095,0,40.6408,0,45.5664,14.6101,0
2.09609,45.0651,14.6763,14.6704,0,40.7227,0,45.6495,14.6715,0
2.09784,45.1339,14.7283,14.7225,0,40.791,0,45.7184,14.7235,0
2.09924,45.1886,14.7725,14.7667,0,40.8454,0,45.7732,14.7678,0
2.10099,45.2579,14.8348,14.8288,0,40.9152,0,45.8426,14.8301,0
2.10274,45.3279,14.8963,14.8901,0,40.9845,0,45.9126,14.8915,0
2.10449,45.3994,14.9577,14.9514,0,41.0557,0,45.9843,14.953,0
2.10659,45.4875,15.032,15.0254,0,41.1436,0,46.0725,15.0272,0
2.10869,45.5765,15.103,15.096,0,41.2318,0,46.1615,15.0982,0
2.11079,45.6658,15.1721,15.165,0,41.3206,0,46.251,15.1673,0
2.11289,45.7546,15.2417,15.2343,0,41.409,0,46.34,15.2369,0
2.11534,45.8575,15.3227,15.3148,0,41.5118,0,46.443,15.3179,0
2.11744,45.9443,15.3883,15.3805,0,41.5976,0,46.5299,15.3835,0
2.11954,46.0306,15.4563,15.4482,0,41.6838,0,46.6163,15.4516,0
2.12164,46.1163,15.5243,15.5165,0,41.7692,0,46.7022,15.5195,0
2.12409,46.2162,15.6073,15.5989,0,41.8689,0,46.8022,15.6024,0
2.12619,46.3013,15.6724,15.664,0,41.953,0,46.8875,15.6676,0
2.12829,46.3869,15.74,15.7315,0,42.0384,0,46.9732,15.7352,0
2.13039,46.4721,15.808,15.799,0,42.1232,0,47.0585,15.8032,0
2.13284,46.5715,15.8876,15.8784,0,42.2225,0,47.158,15.8827,0
2.13494,46.6558,15.9521,15.9428,0,42.3057,0,47.2424,15.9473,0
2.13704,46.7398,16.0176,16.0078,0,42.3898,0,47.3266,16.0128,0
2.13844,46.7949,16.0588,16.0492,0,42.4437,0,47.3818,16.0541,0
2.14019,46.8649,16.1195,16.1097,0,42.5146,0,47.4519,16.1148,0
2.1416,46.9204,16.1665,16.1572,0,42.5692,0,47.5075,16.1619,0
2.14335,46.9916,16.2322,16.2225,0,42.6408,0,47.5787,16.2276,0
2.14545,47.0788,16.3088,16.2989,0,42.7276,0,47.666,16.3041,0
2.14755,47.1676,16.3812,16.3709,0,42.8156,0,47.755,16.3766,0
2.14965,47.2574,16.4516,16.4411,0,42.9048,0,47.8449,16.4468,0
2.15175,47.347,16.5219,16.5112,0,42.994,0,47.9346,16.5172,0
2.15385,47.4358,16.5923,16.5813,0,43.0824,0,48.0235,16.5876,0
2.1563,47.5386,16.6746,16.6633,0,43.1851,0,48.1264,16.6698,0
2.1584,47.6255,16.741,16.7297,0,43.271,0,48.2134,16.7364,0
2.1605,47.712,16.8089,16.7974,0,43.3574,0,48.3001,16.8043,0
2.16295,47.8124,16.8906,16.8791,0,43.4577,0,48.4006,16.886,0
2.16505,47.8973,16.9581,16.9464,0,43.5417,0,48.4857,16.9534,0
2.16715,47.9827,17.0268,17.0151,0,43.6269,0,48.5712,17.0222,0
2.16925,48.0681,17.0958,17.0837,0,43.7119,0,48.6567,17.0912,0
2.17135,48.1534,17.1633,17.1511,0,43.7968,0,48.7421,17.1586,0
2.1738,48.2528,17.2441,17.2315,0,43.8961,0,48.8417,17.2394,0
2.1759,48.3369,17.309,17.2963,0,43.9792,0,48.9259,17.3044,0
2.17765,48.4068,17.3633,17.3506,0,44.0487,0,48.9959,17.3587,0
2.1794,48.4767,17.4217,17.4089,0,44.1188,0,49.0659,17.4172,0
2.1808,48.5324,17.468,17.4555,0,44.1737,0,49.1217,17.4636,0
2.18255,48.6034,17.5327,17.5201,0,44.2453,0,49.1927,17.5282,0
2.1843,48.6751,17.596,17.5833,0,44.3164,0,49.2645,17.5915,0
2.1864,48.7634,17.6725,17.6594,0,44.4045,0,49.3529,17.668,0
2.1885,48.8528,17.745,17.7318,0,44.493,0,49.4424,17.7405,0
2.19061,48.9425,17.8165,17.803,0,44.5823,0,49.5322,17.8119,0
2.19271,49.032,17.8875,17.8738,0,44.6713,0,49.6218,17.883,0
2.19481,49.1207,17.9582,17.9445,0,44.7597,0,49.7106,17.9536,0
2.19726,49.2235,18.0422,18.028,0,44.8625,0,49.8136,18.0376,0
2.19936,49.3104,18.1093,18.095,0,44.9484,0,49.9006,18.1047,0
2.20146,49.3973,18.1782,18.1641,0,45.0351,0,49.9876,18.1737,0
2.20391,49.4981,18.2623,18.2479,0,45.1359,0,50.0886,18.2578,0
2.20601,49.5838,18.331,18.3168,0,45.2204,0,50.1743,18.3265,0
2.20811,49.67,18.402,18.3874,0,45.3066,0,50.2607,18.3975,0
2.21021,49.7563,18.471,18.4563,0,45.3925,0,50.3471,18.4665,0
2.21231,49.8425,18.54,18.5251,0,45.4783,0,50.4334,18.5355,0
2.21476,49.9427,18.6225,18.6074,0,45.5785,0,50.5337,18.6179,0
2.21686,50.0276,18.6895,18.6745,0,45.6624,0,50.6187,18.685,0
2.21826,50.0836,18.7332,18.7181,0,45.7174,0,50.6748,18.7288,0
2.22001,50.1548,18.7946,18.7794,0,45.7898,0,50.7461,18.7901,0
2.22141,50.2112,18.8425,18.8274,0,45.8452,0,50.8026,18.8381,0
2.22316,50.2832,18.9073,18.892,0,45.9177,0,50.8747,18.9029,0
2.22526,50.3708,18.985,18.9694,0,46.0049,0,50.9623,18.9806,0
2.22736,50.4594,19.0588,19.0429,0,46.0927,0,51.0511,19.0544,0
2.22946,50.5489,19.1309,19.1149,0,46.1817,0,51.1406,19.1264,0
2.23156,50.6383,19.2029,19.1868,0,46.2706,0,51.2302,19.1984,0
2.23366,50.7272,19.2746,19.2585,0,46.3592,0,51.3192,19.2701,0
2.23576,50.8156,19.3467,19.3305,0,46.4472,0,51.4076,19.3423,0
2.23822,50.9182,19.4312,19.4146,0,46.5498,0,51.5104,19.4267,0
2.24032,51.0053,19.4995,19.4828,0,46.6358,0,51.5976,19.4951,0
2.24242,51.0925,19.5696,19.5528,0,46.7228,0,51.6849,19.5652,0
2.24452,51.1791,19.6417,19.625,0,46.8091,0,51.7717,19.6373,0
2.24697,51.2803,19.7273,19.7102,0,46.9103,0,51.873,19.7229,0
2.24907,51.3668,19.7962,19.779,0,46.9956,0,51.9595,19.7918,0
2.25117,51.4537,19.8664,19.8491,0,47.0823,0,52.0465,19.862,0
2.25327,51.5402,19.9372,19.9197,0,47.1686,0,52.1332,19.9327,0
2.25537,51.6263,20.0089,19.9915,0,47.2544,0,52.2194,20.0044,0
2.25747,51.7121,20.0806,20.0629,0,47.34,0,52.3053,20.0762,0
2.25887,51.7688,20.1245,20.1069,0,47.3953,0,52.362,20.1201,0
2.26062,51.8408,20.1861,20.1682,0,47.4685,0,52.4342,20.1816,0
2.26202,51.8979,20.2338,20.2162,0,47.5246,0,52.4913,20.2295,0
2.26412,51.985,20.3131,20.2952,0,47.6125,0,52.5785,20.3087,0
2.26622,52.0724,20.3891,20.371,0,47.6989,0,52.666,20.3848,0
2.26832,52.1612,20.4632,20.445,0,47.7871,0,52.7548,20.4588,0
2.27042,52.2506,20.5364,20.5179,0,47.8761,0,52.8444,20.532,0
2.27252,52.3401,20.6082,20.5896,0,47.9651,0,52.934,20.6038,0
2.27462,52.4289,20.6807,20.6619,0,48.0535,0,53.0229,20.6763,0
2.27707,52.5319,20.7656,20.7465,0,48.1566,0,53.126,20.7611,0
2.27917,52.6191,20.8344,20.8153,0,48.2426,0,53.2133,20.83,0
2.28163,52.7208,20.9174,20.8981,0,48.3445,0,53.3151,20.9129,0
2.28373,52.8068,20.9857,20.9664,0,48.4295,0,53.4012,20.9812,0
2.28618,52.9072,21.0695,21.05,0,48.5301,0,53.5018,21.065,0.0515745
2.28828,52.9924,21.1381,21.1184,0,48.6143,0,53.5871,21.1336,0.106633
2.29073,53.0923,21.2184,21.1983,0,48.7143,0,53.6871,21.2138,0.146414
2.29283,53.1766,21.2855,21.2655,0,48.7976,0,53.7715,21.281,0.19909
2.29528,53.2745,21.3675,21.3472,0,48.896,0,53.8695,21.363,0.24218
2.29738,53.3571,21.4342,21.4138,0,48.9778,0,53.9523,21.4297,0.272594
2.29913,53.4255,21.4887,21.4681,0,49.0459,0,54.0207,21.4841,0.312559
2.30053,53.4799,21.5321,21.5115,0,49.1001,0,54.0751,21.5276,0.341859
2.30193,53.5342,21.5782,21.5575,0.0524683,49.155,0,54.1295,21.5737,0.381452
2.30333,53.5881,21.6265,21.6059,0.113159,49.2091,0,54.1834,21.6221,0.423261
2.30473,53.6416,21.6788,21.6586,0.148495,49.2629,0,54.2369,21.6744,0.521357
2.30578,53.6816,21.7213,21.7023,0.209951,49.3025,0.0383191,54.2769,21.717,0.923907
2.30718,53.7371,21.8023,21.7879,0.315479,49.3594,0.129004,54.3324,21.7985,1.63525
2.30788,53.7651,21.8563,21.8458,0.446241,49.3852,0.218178,54.3603,21.8533,2.54533
2.30928,53.8294,22.0396,22.0404,0.727489,49.452,0.421141,54.4243,22.0385,3.49393
2.31018,53.8763,22.2071,22.2156,1.07599,49.4965,0.625673,54.4711,22.2084,3.97896
2.31161,53.9793,22.5486,22.5619,1.47902,49.5996,0.839028,54.5732,22.5518,4.52431
2.31253,54.0658,22.7823,22.7972,1.93245,49.6812,1.08423,54.659,22.7864,4.91354
2.31312,54.1348,22.9337,22.9487,2.30243,49.7458,1.274,54.7274,22.938,5.18331
2.3137,54.2204,23.0854,23.1004,2.61733,49.8267,1.45821,54.8124,23.0898,5.39463
2.31429,54.3168,23.2353,23.2513,6.51951,49.9176,6.45462,54.9084,23.2399,6.93847
2.31488,54.4215,23.4192,23.4464,8.14519,50.0206,8.10927,55.0125,23.4267,8.30406
2.31558,54.5554,23.7375,23.7872,9.56469,50.1541,9.53147,55.1458,23.7514,9.68776
2.31643,54.7284,24.2461,24.3199,11.0318,50.327,11.001,55.318,24.2671,11.1423
2.31744,54.9681,24.9846,25.077,12.5804,50.5655,12.5519,55.556,25.0116,12.6831
2.31866,55.3264,25.9582,26.0627,14.2581,50.9197,14.2317,55.9116,25.9892,14.3538
2.32012,55.853,27.1644,27.2759,16.1345,51.4431,16.1102,56.4344,27.1978,16.2227
2.32188,56.7043,28.6514,28.7678,18.1548,52.2786,18.132,57.2812,28.6867,18.2387
2.32398,57.9738,30.4435,30.5642,20.3123,53.5411,20.2906,58.5449,30.4804,20.3937
2.32651,59.6727,32.5821,32.7061,22.8301,55.2334,22.8096,60.2403,32.6202,22.907
2.32954,61.8913,35.1565,35.2829,25.722,57.4558,25.7023,62.4549,35.1955,25.7958
2.33317,64.6599,38.2469,38.3758,29.0901,60.2391,29.0712,65.2191,38.2868,29.1607
2.33754,68.1734,42.0254,42.1559,32.9861,63.7795,32.9674,68.7276,42.0659,33.0568
2.34277,72.4659,46.5722,46.7037,37.5982,68.1126,37.5795,73.0144,46.6131,37.669
2.34906,77.7499,52.0713,52.2034,43.1807,73.421,43.1619,78.2948,52.1127,43.2513
2.3566,84.0653,58.7235,58.8553,49.9216,79.7997,49.9027,84.6026,58.7649,49.9924
2.36565,91.2827,66.6521,66.7815,58.0364,87.1591,58.0175,91.8037,66.6929,58.1069
2.37651,100.175,76.1469,76.2748,67.7761,96.1218,67.7574,100.686,76.1875,67.8456
2.38954,110.118,87.2699,87.3937,79.2732,106.283,79.2548,110.603,87.3094,79.3407
2.40517,121.389,100.004,100.122,92.5327,117.815,92.515,121.845,100.042,92.5967
2.40966,124.184,103.489,103.606,96.1887,120.765,96.1703,124.625,103.527,96.2527
2.4126,125.506,105.646,105.758,98.5654,122.296,98.5478,125.926,105.683,98.6271
2.41563,126.57,107.701,107.806,100.917,123.556,100.901,126.969,107.736,100.976
2.41876,127.416,109.63,109.728,103.203,124.599,103.187,127.793,109.662,103.259
2.42198,128.248,111.442,111.535,105.4,125.57,105.385,128.608,111.473,105.453
2.42532,129.079,113.16,113.248,107.5,126.519,107.486,129.423,113.19,107.548
2.42877,130.065,114.827,114.913,109.532,127.558,109.519,130.401,114.856,109.577
2.43234,130.667,116.415,116.497,111.441,128.382,111.429,130.977,116.443,111.484
2.43604,131.488,117.939,118.018,113.292,129.259,113.28,131.79,117.966,113.331
2.43989,131.882,119.364,119.438,115.025,129.89,115.014,132.157,119.389,115.061
2.44389,132.567,120.726,120.797,116.719,130.608,116.709,132.835,120.75,116.752
2.44805,132.948,121.996,122.063,118.274,131.18,118.265,133.194,122.019,118.305
2.4524,133.525,123.205,123.269,119.776,131.808,119.767,133.763,123.228,119.804
2.45695,133.519,124.302,124.361,121.153,132.088,121.145,133.724,124.323,121.179
2.46171,133.696,125.289,125.343,122.439,132.36,122.432,133.889,125.309,122.462
2.46671,134.028,126.22,126.272,123.667,132.731,123.66,134.213,126.239,123.687
2.47197,134.436,127.127,127.177,124.827,133.183,124.821,134.612,127.146,124.845
2.47753,134.858,128.011,128.06,125.9,133.669,125.895,135.024,128.03,125.917
2.48341,135.328,128.889,128.937,126.949,134.189,126.944,135.487,128.907,126.964
2.48966,135.787,129.747,129.795,127.946,134.713,127.941,135.935,129.766,127.96
2.49633,136.214,130.583,130.629,128.908,135.215,128.903,136.353,130.601,128.921
2.50347,136.38,131.352,131.394,129.805,135.536,129.801,136.501,131.369,129.817
2.51116,136.173,131.998,132.034,130.633,135.548,130.629,136.269,132.013,130.644
2.5195,135.742,132.491,132.52,131.358,135.319,131.354,135.814,132.503,131.367
2.52859,135.539,132.907,132.932,132.038,135.166,132.035,135.602,132.917,132.045
2.53859,135.443,133.269,133.292,132.612,135.106,132.61,135.497,133.279,132.618
2.5497,135.148,133.533,133.552,132.997,134.942,132.995,135.184,133.541,133.002
2.5622,134.711,133.678,133.693,133.284,134.639,133.281,134.731,133.685,133.287
2.57648,133.841,133.637,133.644,133.418,134.052,133.416,133.835,133.641,133.421
2.59291,133.143,133.475,133.476,133.444,133.566,133.441,133.123,133.476,133.445
2.6118,132.532,133.2,133.195,133.274,132.933,133.272,132.502,133.198,133.275
2.63353,131.806,132.782,132.773,132.936,132.205,132.934,131.768,132.779,132.936
2.65852,130.476,132.106,132.061,132.352,131.038,132.35,130.415,132.077,132.351
2.68725,128.53,130.952,130.894,131.379,129.272,131.379,128.447,130.915,131.376
2.72029,126.179,129.269,129.211,129.895,127.039,129.897,126.079,129.239,129.89
2.75829,123.374,127.034,126.972,127.837,124.323,127.841,123.26,127.004,127.83
2.80199,119.735,124.08,124.01,125.073,120.829,125.085,119.603,124.048,125.062
2.85225,115.752,120.489,120.414,121.629,116.899,121.653,115.614,120.457,121.614
2.90753,111.431,116.476,116.393,117.724,112.626,117.765,111.286,116.439,117.703
2.96834,106.848,112.123,112.032,113.46,108.082,113.522,106.699,112.082,113.43
3.03523,102.093,107.52,107.419,108.927,103.35,109.014,101.944,107.474,108.887
3.10881,97.2853,102.773,102.662,104.231,98.5448,104.345,97.1368,102.722,104.179
3.18974,92.567,98.0137,97.8888,99.5002,93.8056,99.6434,92.4241,97.9576,99.435
3.27877,88.41,93.5101,93.4002,94.9785,89.553,95.1433,88.2804,93.47,94.9017
3.37671,83.9677,89.057,88.9507,90.5693,85.1269,90.7601,83.8435,89.0191,90.4756
3.48443,80.6088,85.1133,85.0202,86.557,81.609,86.7628,80.5014,85.0773,86.4558
3.60293,77.4293,81.5678,81.4851,82.9167,78.355,83.1367,77.3344,81.5341,82.851
3.73328,74.9004,78.5116,78.4321,79.7716,75.7042,79.8987,74.8209,78.48,79.6329
3.84799,73.0713,76.2803,76.2025,77.4173,73.791,77.5043,72.9991,76.2484,77.342
3.94893,71.679,74.6317,74.5483,75.6665,72.3565,75.7265,71.6118,74.5965,75.6151
4.03776,70.6852,73.386,73.2974,74.3232,71.309,74.3669,70.6252,73.347,74.2862
4.1003,69.8966,72.5297,72.4292,73.4139,70.5317,73.448,69.84,72.4866,73.3824
4.15533,69.4146,71.8851,71.7819,72.7132,69.9997,72.732,69.362,71.8422,72.6877
4.20533,69.0237,71.3475,71.245,72.1222,69.5693,72.1352,68.9736,71.305,72.1003
4.25533,68.6598,70.8642,70.7645,71.5855,69.1807,71.5944,68.6137,70.8236,71.5671
4.30533,68.2757,70.41,70.31,71.0853,68.7933,71.0923,68.2324,70.37,71.0697
4.35533,67.9241,69.9808,69.8799,70.6152,68.4272,70.6216,67.8833,69.9414,70.6025
4.40533,67.5648,69.5716,69.4689,70.1704,68.0657,70.1769,67.5263,69.5325,70.1604
4.45533,67.2581,69.1825,69.0794,69.7483,67.7351,69.7553,67.2212,69.144,69.7398
4.48866,66.9983,68.8953,68.7794,69.4395,67.4841,69.4473,66.9664,68.8533,69.4312
4.52699,66.7631,68.6221,68.5156,69.1387,67.2418,69.1473,66.731,68.5842,69.1308
4.57108,66.4838,68.323,68.2185,68.8196,66.9641,68.8283,66.4522,68.2863,68.8119
4.62177,66.1109,67.9899,67.8875,68.4719,66.6218,68.4811,66.0812,67.9543,68.4641
4.67754,65.6052,67.6181,67.5118,68.0968,66.1854,68.1067,65.5794,67.5823,68.0886
4.73888,64.966,67.1959,67.0833,67.6886,65.6344,67.6997,64.9407,67.159,67.6797
4.80636,64.209,66.7086,66.5878,67.2364,64.9659,67.2491,64.1803,66.6702,67.2265
4.88058,63.4064,66.1502,66.0218,66.7293,64.2177,66.7442,63.3709,66.1102,66.718
4.96223,62.5757,65.5225,65.3887,66.1597,63.4187,66.1769,62.5336,65.4813,66.1467
5.05204,61.7436,64.8331,64.6971,65.5251,62.596,65.5448,61.6962,64.7917,65.5102
5.15084,60.9195,64.0918,63.9565,64.8267,61.7655,64.8488,60.8686,64.0512,64.8097
5.25951,60.105,63.3112,63.1786,64.0749,60.9381,64.0992,60.0528,63.272,64.056
5.37905,59.3025,62.5004,62.3722,63.2779,60.1169,63.3042,59.2505,62.4633,63.2573
5.51054,58.4996,61.6657,61.5429,62.4446,59.2958,62.4726,58.4494,61.6311,62.4224
5.65518,57.6954,60.8122,60.696,61.5836,58.4723,61.6129,57.6496,60.7805,61.5601
5.81429,56.9159,59.9466,59.8381,60.7026,57.6619,60.7326,56.8752,59.918,60.678
5.98931,56.1004,59.0688,58.9684,59.8063,56.8325,59.8365,56.0653,59.0433,59.7807
6.18183,55.2874,58.1796,58.0879,58.8978,55.9956,58.9276,55.254,58.1571,58.8716
6.3936,54.4687,57.2792,57.1974,57.9786,55.1508,58.0039,54.4348,57.2604,57.9521
6.60749,53.6798,56.396,56.3285,57.0825,54.3291,57.0976,53.6457,56.3872,57.0554
6.82351,52.9355,55.5635,55.5112,56.2317,53.5531,56.2422,52.8991,55.5582,56.2108
6.99806,52.2876,54.8397,54.7965,55.4867,52.8791,55.4967,52.2544,54.8345,55.4731
7.15167,51.7743,54.2524,54.2192,54.8815,52.3376,54.8902,51.7383,54.247,54.8698
7.28684,51.3427,53.7563,53.7293,54.3688,51.881,54.3764,51.2997,53.7507,54.3572
7.40579,50.9696,53.3359,53.3096,53.9345,51.4928,53.9412,50.9209,53.33,53.9228
7.48953,50.6684,53.0067,52.9783,53.5935,51.1832,53.6,50.6165,53.0001,53.5811
7.56323,50.4408,52.7463,52.7177,53.3244,50.9427,53.3301,50.3849,52.7396,53.3121
7.62808,50.252,52.5269,52.4983,53.0977,50.7416,53.103,50.1934,52.5201,53.0856
7.67808,50.0999,52.3505,52.321,52.915,50.5796,52.9203,50.0406,52.3435,52.9028
7.72808,49.9648,52.1926,52.1635,52.7521,50.4373,52.757,49.9052,52.1857,52.7402
7.77808,49.8352,52.0429,52.0144,52.5977,50.3026,52.6024,49.7757,52.0362,52.5861
7.82808,49.7104,51.8981,51.8699,52.4483,50.1723,52.4529,49.6513,51.8914,52.4369
7.87808,49.5883,51.7562,51.728,52.3019,50.0446,52.3064,49.5297,51.7495,52.2906
7.92808,49.467,51.6163,51.588,52.1576,49.9186,52.162,49.409,51.6097,52.1463
7.94808,49.3937,51.5361,51.5048,52.0735,49.8421,52.0782,49.3372,51.5288,52.061
7.97108,49.3274,51.4596,51.4274,51.9942,49.7719,51.9986,49.2713,51.4522,51.981
7.99753,49.2604,51.3807,51.3487,51.9129,49.701,51.9169,49.2045,51.3733,51.8999
8.02794,49.1905,51.2977,51.2666,51.8275,49.6275,51.8313,49.1347,51.2904,51.8149
8.06292,49.1151,51.2076,51.1775,51.7349,49.5481,51.7386,49.0596,51.2006,51.7227
8.10315,49.0314,51.1081,51.0789,51.6326,49.4605,51.6362,48.9763,51.1013,51.6208
8.14941,48.9351,50.9968,50.9681,51.5181,49.3619,51.5216,48.8804,50.9902,51.5065
8.20261,48.8202,50.8712,50.8429,51.3888,49.249,51.3923,48.7656,50.8648,51.3774
8.26113,48.6824,50.7319,50.7033,51.245,49.1202,51.2485,48.6275,50.7254,51.2337
8.3255,48.5182,50.5792,50.55,51.0871,48.974,51.0907,48.462,50.5726,51.0758
8.39631,48.3238,50.4125,50.3827,50.9148,48.8077,50.9185,48.2652,50.4058,50.9034
8.4742,48.0966,50.231,50.2005,50.7271,48.6183,50.7309,48.0344,50.2242,50.7155
8.55988,47.8351,50.0335,50.0023,50.523,48.4028,50.5269,47.7683,50.0266,50.5112
8.65413,47.5393,49.8189,49.7867,50.3012,48.1589,50.3052,47.467,49.8118,50.2892
8.7578,47.2068,49.5856,49.5524,50.0605,47.8845,50.0646,47.1282,49.5784,50.0481
8.87184,46.8376,49.3322,49.2976,49.7993,47.5778,49.8033,46.7503,49.3248,49.7865
8.99728,46.4331,49.0561,49.0208,49.5163,47.238,49.5199,46.3392,49.0494,49.5029
9.13527,45.9938,48.7633,48.7202,49.2099,46.8634,49.2195,45.8966,48.7506,49.1956
9.28706,45.5202,48.4408,48.3913,48.8753,46.4571,48.8894,45.4176,48.4239,48.8597
9.45402,45.0203,48.0925,48.0367,48.5153,46.0222,48.5318,44.9116,48.0709,48.4984
9.63768,44.4958,47.7168,47.6536,48.1259,45.5558,48.1455,44.3815,47.6996,48.1087
9.83971,43.9488,47.3122,47.2406,47.7167,45.0614,47.7299,43.8306,47.2971,47.6889
10.0438,43.4059,46.8864,46.8037,47.2811,44.5585,47.2919,43.2841,46.8712,47.2439
10.2499,42.8933,46.4617,46.3724,46.8447,44.0716,46.8553,42.7655,46.4462,46.8001
10.458,42.4069,46.0425,45.9558,46.4141,43.6023,46.425,42.2758,46.027,46.3742
10.6682,41.9444,45.6291,45.5495,45.9906,43.1483,46.0019,41.812,45.6136,45.9528
10.8806,41.5025,45.2209,45.1441,45.5736,42.7078,45.5853,41.3696,45.2053,45.5358
11.095,41.08,44.8167,44.7395,45.1618,42.2787,45.1737,40.9471,44.8009,45.1237
11.3116,40.6731,44.4164,44.3366,44.7541,41.8603,44.7659,40.5401,44.4,44.7156
11.5304,40.2767,44.0181,43.9336,44.3475,41.4497,44.3594,40.1436,44.0004,44.3089
11.6718,39.9252,43.6619,43.5658,43.977,41.0828,43.9911,39.7949,43.6417,43.9346
11.7962,39.672,43.3956,43.2926,43.703,40.8134,43.7183,39.5411,43.3737,43.6592
11.9058,39.4624,43.1727,43.0648,43.474,40.59,43.4904,39.3312,43.1494,43.4297
12.0021,39.2827,42.9804,42.8678,43.2762,40.3984,43.2937,39.1514,42.9559,43.2308
12.07,39.1372,42.8269,42.7092,43.1168,40.2444,43.1357,39.0068,42.8012,43.0696
12.1297,39.0116,42.6936,42.5723,42.9797,40.1122,42.9996,38.8805,42.6671,42.9318
12.1822,38.9107,42.5855,42.4612,42.8685,40.0054,42.8894,38.7794,42.5582,42.8198
12.2322,38.8236,42.4908,42.3643,42.7716,39.9125,42.7932,38.692,42.463,42.722
12.2822,38.7423,42.4017,42.2733,42.6806,39.8256,42.7029,38.6105,42.3733,42.6302
12.3322,38.6633,42.3147,42.1847,42.592,39.7412,42.615,38.5312,42.2859,42.5407
12.3822,38.5855,42.2293,42.0976,42.5048,39.6583,42.5285,38.4534,42.2,42.4527
12.4099,38.5268,42.1675,42.0333,42.4404,39.5968,42.465,38.3954,42.1375,42.3872
12.4418,38.4713,42.1073,41.9716,42.3786,39.5379,42.4036,38.34,42.0769,42.3245
12.4785,38.4147,42.0454,41.9084,42.3155,39.478,42.3409,38.2834,42.0146,42.2608
12.5207,38.3542,41.9785,41.8404,42.2478,39.4137,42.2734,38.2227,41.9473,42.1924
12.5692,38.2876,41.9044,41.7654,42.1729,39.3428,42.1988,38.1559,41.8729,42.117
12.625,38.2128,41.8211,41.6811,42.0887,39.2631,42.1149,38.0809,41.7892,42.0322
12.6864,38.1283,41.7278,41.5864,41.994,39.1735,42.0206,37.9966,41.6954,41.9367
12.7539,38.0343,41.6248,41.4815,41.8891,39.0742,41.9162,37.9031,41.5917,41.8307
12.8282,37.9305,41.5116,41.366,41.7736,38.9649,41.8013,37.7998,41.4778,41.7142
12.9099,37.8162,41.3876,41.2391,41.6469,38.8451,41.6753,37.6863,41.3529,41.5867
12.9998,37.6906,41.2517,41.1,41.5081,38.7139,41.5373,37.5615,41.2161,41.4471
13.0986,37.5525,41.1033,40.9476,41.3561,38.5704,41.3865,37.4245,41.0665,41.2944
13.2073,37.4008,40.9411,40.7808,41.19,38.4138,41.2216,37.274,40.903,41.1275
13.327,37.2346,40.764,40.5985,41.0086,38.2428,41.0416,37.1092,40.7245,40.9451
13.4585,37.0522,40.5708,40.3993,40.8106,38.0564,40.8452,36.9287,40.5298,40.7459
13.6032,36.8519,40.3603,40.1818,40.5948,37.8538,40.6313,36.7307,40.3176,40.5287
13.7624,36.632,40.1309,39.9444,40.3595,37.6338,40.3983,36.5133,40.0862,40.2916
13.9375,36.3914,39.8812,39.6857,40.1035,37.3953,40.1447,36.2758,39.8344,40.0335
14.1302,36.1285,39.6097,39.4044,39.8254,37.1375,39.8699,36.0169,39.5608,39.7531
14.3421,35.842,39.315,39.0988,39.5238,36.859,39.5722,35.7354,39.2637,39.4488
14.5561,35.5332,39.0009,38.7712,39.2008,36.5604,39.2551,35.4342,38.9466,39.1221
14.7722,35.2216,38.6838,38.4407,38.8772,36.2615,38.9367,35.1306,38.627,38.7939
14.9906,34.9114,38.3673,38.1111,38.5569,35.9668,38.6207,34.8281,38.308,38.4671
15.2111,34.6039,38.0509,37.7833,38.2397,35.6764,38.3046,34.525,37.99,38.1453
15.4338,34.2994,37.7318,37.4577,37.9249,35.3867,37.9991,34.2293,37.6729,37.8276
15.6587,33.9976,37.4288,37.1344,37.6131,35.1228,37.7012,33.9438,37.3536,37.5135
15.8859,33.6994,37.143,36.8138,37.305,34.869,37.4174,33.6777,37.0341,37.2032
16.1153,33.4071,36.867,36.4962,37.0112,34.6177,37.1387,33.425,36.7495,36.8983
16.347,33.1323,36.5949,36.1741,36.738,34.3679,36.8629,33.1788,36.4759,36.5928
16.5811,32.887,36.325,35.8653,36.4692,34.1197,36.589,32.937,36.2072,36.3136
16.8175,32.6526,36.0568,35.5907,36.2017,33.8739,36.3173,32.6985,35.9406,36.0487
17.0563,32.4238,35.7901,35.3248,35.9346,33.6315,36.0496,32.4632,35.6754,35.7868
17.2974,32.1959,35.5229,35.0628,35.6698,33.3931,35.7847,32.2295,35.4116,35.526
17.541,31.9696,35.2565,34.8028,35.4084,33.1563,35.5207,31.9981,35.1472,35.2669
17.787,31.7447,34.9915,34.5442,35.1502,32.9225,35.2606,31.7695,34.8832,35.0114
18.0355,31.5199,34.7264,34.2874,34.8933,32.6911,35.0049,31.5425,34.6202,34.7603
18.2864,31.2967,34.4621,34.0313,34.6415,32.4606,34.7525,31.318,34.3576,34.5125
18.5399,31.0756,34.199,33.7762,34.395,32.2316,34.5032,31.0962,34.0953,34.2677
18.7959,30.8556,33.9374,33.5237,34.1511,32.0068,34.2561,30.8774,33.8342,34.0297
19.0544,30.6383,33.6778,33.274,33.9093,31.7855,34.0089,30.6623,33.575,33.7971
19.3155,30.4237,33.4175,33.0265,33.6685,31.5611,33.7669,30.4305,33.3174,33.5669
19.5793,30.1917,33.1182,32.7624,33.4096,31.3476,33.5148,30.2059,33.0379,33.3221
19.8457,29.9764,32.9002,32.5156,33.1636,31.1832,33.3076,30.0397,32.7511,33.0928
20.1147,29.7518,32.697,32.2714,32.9419,31.0191,33.1074,29.8865,32.5335,32.8622
20.3864,29.5783,32.4964,32.0119,32.7514,30.8523,32.9084,29.7344,32.334,32.6359
20.6609,29.4421,32.2969,31.7888,32.5679,30.6822,32.7121,29.5813,32.1416,32.4613
20.9381,29.3133,32.0983,31.6159,32.3838,30.5156,32.5158,29.4276,31.9503,32.2933
21.2181,29.1799,31.9007,31.449,32.1992,30.3504,32.3255,29.2737,31.7594,32.1245
21.5008,29.043,31.7042,31.283,32.0153,30.184,32.1357,29.1194,31.5687,31.9568
21.7864,28.9027,31.4715,31.1152,31.8364,30.0347,31.9505,28.9425,31.378,31.7882
22.0749,28.7564,31.3335,30.947,31.6537,29.9365,31.8158,28.8509,31.1546,31.627
22.3662,28.5949,31.2096,30.7794,31.5048,29.8343,31.6817,28.7664,31.0151,31.4642
22.6605,28.5037,31.0817,30.5837,31.3913,29.7495,31.5645,28.6816,30.9011,31.3091
22.9577,28.4469,30.9991,30.4643,31.2826,29.6729,31.4642,28.6292,30.7872,31.214
23.2579,28.3886,30.9253,30.386,31.2003,29.5916,31.3646,28.5742,30.7234,31.1183
23.561,28.371,30.854,30.3042,31.1201,29.5072,31.2666,28.5139,30.6664,31.0416
23.8672,28.3466,30.7838,30.2684,31.0393,29.4221,31.1717,28.4496,30.6094,30.9736
24.1765,28.3079,30.715,30.233,30.9594,29.3384,31.0812,28.3823,30.5518,30.9019
24.4888,28.2611,30.6473,30.1935,30.8812,29.2564,30.994,28.3135,30.4942,30.8287
24.8043,28.2104,30.5803,30.151,30.8045,29.176,30.9091,28.2441,30.4368,30.7553
25.1229,28.1568,30.5143,30.1062,30.7297,29.0975,30.8267,28.1744,30.3797,30.6825
25.4448,28.1009,30.4493,30.0598,30.6568,29.0211,30.7468,28.1043,30.3231,30.6109
25.7698,28.0434,30.3852,30.0124,30.586,28.947,30.6695,28.0338,30.2671,30.5407
26.0981,27.9839,30.3226,29.9644,30.5179,28.8757,30.5956,27.9626,30.2118,30.4727
26.4297,27.9234,30.2611,29.9166,30.4516,28.8066,30.5238,27.8908,30.1572,30.4065
26.7646,27.8621,30.2007,29.8693,30.3872,28.7395,30.4542,27.8183,30.1036,30.3421
27.1028,27.8,30.1415,29.8228,30.3244,28.6745,30.3866,27.7453,30.0508,30.2796
27.4444,27.737,30.0837,29.7773,30.2638,28.612,30.3214,27.6715,29.9991,30.2194
27.7894,27.6732,30.0274,29.7328,30.2052,28.5519,30.2584,27.5971,29.9487,30.1613
28.1379,27.609,29.9723,29.6893,30.1481,28.4936,30.1972,27.5226,29.8991,30.1048
28.4899,27.5445,29.9183,29.6468,30.0924,28.437,30.1375,27.448,29.8506,30.0499
28.8454,27.4799,29.8657,29.6053,30.0381,28.3821,30.0793,27.3735,29.8031,29.9965
29.2044,27.4148,29.8148,29.5649,29.9857,28.3294,30.0234,27.299,29.7569,29.945
29.5671,27.3497,29.7652,29.5255,29.9346,28.2781,29.9689,27.2246,29.7117,29.8949
29.9333,27.2845,29.7171,29.4871,29.8848,28.2284,29.9161,27.1504,29.6676,29.8463
30.3033,27.2194,29.6702,29.4497,29.8363,28.1801,29.8647,27.0767,29.6244,29.799
30.6769,27.1546,29.6245,29.4131,29.7889,28.1329,29.8146,27.0034,29.5821,29.7528
31.0542,27.09,29.58,29.3774,29.7427,28.087,29.7658,26.9306,29.5407,29.7078
31.4354,27.0256,29.5369,29.3426,29.6977,28.0423,29.7186,26.8582,29.5002,29.6641
31.8203,26.9614,29.495,29.3087,29.6537,27.9988,29.6727,26.7863,29.4607,29.6215
32.2091,26.8974,29.4543,29.2756,29.611,27.9564,29.6283,26.7149,29.422,29.5801
32.6018,26.8338,29.4148,29.2433,29.5693,27.9151,29.5851,26.6441,29.3843,29.5398
32.9984,26.7705,29.3763,29.2119,29.5287,27.8748,29.5431,26.5739,29.3474,29.5006
33.399,26.7075,29.3389,29.1812,29.4891,27.8354,29.5024,26.5043,29.3114,29.4625
33.8036,26.6376,29.2929,29.144,29.4446,27.7925,29.4568,26.4276,29.2667,29.4207
34.2122,26.5731,29.2548,29.1127,29.4054,27.7536,29.4167,26.3565,29.2297,29.3833
34.6249,26.5092,29.2179,29.0825,29.3673,27.7156,29.3778,26.2863,29.1938,29.347
35.0417,26.4458,29.182,29.0531,29.3301,27.6785,29.3399,26.2166,29.1588,29.3117
35.4627,26.383,29.1471,29.0245,29.294,27.6423,29.3032,26.1479,29.1249,29.2774
35.888,26.321,29.1133,28.9968,29.259,27.6069,29.2676,26.0801,29.092,29.2441
36.3174,26.2597,29.0805,28.9699,29.225,27.5723,29.2331,26.013,29.0601,29.2118
36.7512,26.1991,29.0487,28.9438,29.192,27.5384,29.1995,25.9467,29.0291,29.1804
37.1893,26.1392,29.0178,28.9185,29.16,27.5052,29.167,25.8812,28.999,29.1499
37.6318,26.08,28.9879,28.8939,29.1289,27.4726,29.1354,25.8166,28.9699,29.1203
38.0787,26.0216,28.9589,28.87,29.0988,27.4407,29.1049,25.7531,28.9417,29.0916
38.5301,25.9638,28.9308,28.8468,29.0697,27.4093,29.0753,25.6903,28.9143,29.0638
38.986,25.9067,28.9036,28.8243,29.0415,27.3786,29.0467,25.6282,28.8878,29.0369
39.4464,25.8502,28.8771,28.8025,29.0141,27.3485,29.019,25.5667,28.8621,29.0108
39.9115,25.7943,28.8516,28.7814,28.9876,27.3188,28.9921,25.506,28.8373,28.9854
40.3812,25.7392,28.8268,28.7609,28.962,27.2897,28.9661,25.4461,28.8132,28.9609
40.8556,25.6848,28.8028,28.741,28.9372,27.261,28.941,25.3871,28.7899,28.9371
